OverallQual,GrLivArea,GarageCars,GarageArea,TotalBsmtSF,1stFlrSF,FullBath,YearBuilt,YearRemodAdd,TotRmsAbvGrd,MasVnrArea,Fireplaces,BsmtFinSF1,KitchenQual,ExterQual,BsmtQual,HeatingQC,SalePrice
7,1710,2,548,856,856,2,2003,2003,8,196.0,0,706,2,2,2,0,208500
6,1262,2,460,1262,1262,2,1976,1976,6,0.0,1,978,3,3,2,0,181500
7,1786,2,608,920,920,2,2001,2002,6,162.0,1,486,2,2,2,0,223500
7,1717,3,642,756,961,1,1915,1970,7,0.0,1,216,2,3,4,2,140000
8,2198,3,836,1145,1145,2,2000,2000,9,350.0,1,655,2,2,2,0,250000
5,1362,2,480,796,796,1,1993,1995,5,0.0,0,732,3,3,2,0,143000
8,1694,2,636,1686,1694,2,2004,2005,7,186.0,1,1369,2,2,0,0,307000
7,1774,2,468,952,1022,2,1931,1950,8,0.0,2,0,3,3,4,2,129900
5,1077,1,205,991,1077,1,1939,1950,5,0.0,2,851,3,3,4,0,118000
5,1040,1,384,1040,1040,1,1965,1965,5,0.0,0,906,3,3,4,0,129500
9,2324,3,736,1175,1182,3,2005,2006,11,286.0,2,998,0,0,0,0,345000
5,912,1,352,912,912,1,1962,1962,4,0.0,0,737,3,3,4,4,144000
7,1494,3,840,1494,1494,2,2006,2007,7,306.0,1,0,2,2,2,0,279500
6,1253,1,352,1253,1253,1,1960,1960,5,212.0,1,733,3,3,4,4,157000
7,854,2,576,832,854,1,1929,2001,5,0.0,0,0,3,3,4,0,132000
6,1004,2,480,1004,1004,1,1970,1970,5,180.0,1,578,3,3,4,0,149000
4,1296,2,516,0,1296,2,1967,1967,6,0.0,0,0,3,3,3,4,90000
5,1114,2,576,1114,1114,1,2004,2004,6,0.0,0,646,2,3,4,0,159000
5,1339,1,294,1029,1339,1,1958,1965,6,0.0,0,504,3,3,4,4,139000
8,2376,3,853,1158,1158,3,2005,2006,9,380.0,1,0,2,2,0,0,325300
7,1108,1,280,637,1108,1,1930,1950,6,0.0,1,0,2,3,4,0,139400
8,1795,2,534,1777,1795,2,2002,2002,7,281.0,1,0,2,2,2,0,230000
5,1060,2,572,1040,1060,1,1976,1976,6,0.0,1,840,3,3,2,4,129900
5,1060,1,270,1060,1060,1,1968,2001,6,0.0,1,188,2,3,4,0,154000
8,1600,3,890,1566,1600,2,2007,2007,7,640.0,1,0,2,2,2,0,256300
5,900,2,576,900,900,1,1951,2000,5,0.0,0,234,2,3,4,4,134800
8,1704,3,772,1704,1704,2,2007,2008,7,200.0,1,1218,2,2,0,0,306000
5,1600,1,319,1484,1600,1,1957,1997,6,0.0,2,1277,3,3,4,4,207500
4,520,1,240,520,520,1,1927,1950,4,0.0,0,0,1,3,4,1,68500
4,1317,1,250,649,649,1,1920,1950,6,0.0,0,0,3,3,4,4,40000
5,1228,1,271,1228,1228,1,1966,2006,6,0.0,0,0,2,3,4,2,149350
8,1234,2,484,1234,1234,2,2007,2007,7,0.0,0,0,2,2,0,0,179900
5,1700,2,447,1398,1700,1,1959,1959,6,0.0,1,1018,2,3,4,2,165500
9,1561,2,556,1561,1561,2,2005,2005,6,246.0,1,1153,0,0,0,0,277500
8,2452,3,691,1117,1132,3,2004,2005,9,132.0,1,0,2,2,0,0,309000
5,1097,2,672,1097,1097,1,1994,1995,6,0.0,0,0,3,3,2,0,145000
5,1297,2,498,1297,1297,1,1954,1990,5,650.0,1,1213,3,3,4,2,153000
5,1057,1,246,1057,1057,1,1953,2007,5,0.0,0,731,2,3,4,4,109000
4,1152,0,0,0,1152,2,1955,1955,6,0.0,0,0,1,3,3,4,82000
6,1324,2,440,1088,1324,2,1965,1965,6,101.0,1,643,3,3,4,0,160000
5,1328,1,308,1350,1328,1,1959,1959,5,0.0,2,967,3,3,4,2,170000
5,884,2,504,840,884,1,1983,1983,5,0.0,0,747,2,3,2,2,144000
5,938,1,308,938,938,1,1975,1980,5,0.0,0,280,3,3,2,4,130250
5,1150,1,300,1150,1150,1,1959,1959,6,0.0,0,179,3,3,4,0,141000
9,1752,2,576,1752,1752,2,2005,2005,6,412.0,1,456,0,0,0,0,319900
7,2149,2,670,1434,1518,1,2003,2003,6,0.0,1,1351,2,2,0,0,239686
8,1656,3,826,1656,1656,2,2006,2006,7,0.0,0,24,2,2,2,0,249700
4,1452,0,0,736,736,2,1920,2008,8,0.0,0,0,3,3,4,2,113000
5,955,1,386,955,955,1,1966,1966,6,0.0,0,763,3,3,4,0,127000
6,1470,2,388,794,794,2,1997,1997,6,0.0,0,182,3,3,2,2,177000
6,1176,2,528,816,816,1,1934,1950,6,0.0,1,0,3,3,4,4,114500
5,816,2,516,816,816,1,1963,1963,5,0.0,0,104,3,1,2,4,110000
5,1360,2,572,384,1360,1,1955,1955,6,0.0,1,384,3,3,4,4,130000
6,1425,2,576,1425,1425,2,1964,1964,7,272.0,1,490,3,3,4,2,180500
8,1739,2,480,970,983,2,1999,2000,7,456.0,0,649,2,2,2,0,172500
7,1720,2,565,860,860,2,2004,2004,7,0.0,0,0,2,2,2,0,196500
10,2945,3,641,1410,1426,3,2006,2006,10,1031.0,1,0,2,0,0,0,438780
5,780,1,352,780,780,1,1972,1972,4,0.0,0,632,3,3,4,0,124900
6,1158,2,576,1158,1158,1,2004,2004,5,0.0,0,941,2,3,2,0,158000
5,1111,1,288,530,581,1,1920,1996,6,0.0,0,0,1,3,4,4,101000
8,1370,2,484,1370,1370,2,2006,2006,6,178.0,1,24,2,2,2,0,202500
7,1710,2,480,576,902,2,1921,1950,9,0.0,0,0,3,3,4,2,140000
7,2034,2,645,1057,1057,2,1997,1998,8,573.0,0,739,2,3,2,0,219500
8,2473,3,852,1143,1143,2,2004,2005,9,344.0,1,0,2,2,0,0,317000
7,2207,2,576,1947,2207,2,1970,1989,7,287.0,1,912,3,3,2,4,180000
7,1479,2,558,1453,1479,2,2003,2003,7,167.0,0,1013,2,2,2,0,226000
4,747,1,220,747,747,1,1945,1950,4,0.0,0,0,3,3,4,4,80000
7,2287,2,667,1304,1304,2,1953,1953,7,0.0,1,603,3,2,4,4,225000
7,2223,2,516,2223,2223,2,1973,1973,8,1115.0,2,1880,3,3,2,0,244000
4,845,2,360,845,845,1,1982,2006,4,0.0,0,565,3,3,4,4,129500
7,1718,2,427,832,885,2,1998,1998,7,40.0,1,0,3,3,2,2,185000
5,1086,2,490,1086,1086,1,1954,2003,6,104.0,0,320,3,3,4,2,144900
3,1605,1,379,840,840,2,1915,1950,8,0.0,0,0,3,2,1,2,107400
4,988,1,297,462,526,1,1973,1973,5,0.0,0,462,3,3,2,4,91000
4,952,1,283,952,952,1,1956,1956,4,0.0,0,228,3,3,4,0,135750
5,1285,1,240,672,1072,1,1948,2001,6,0.0,0,336,3,3,4,4,127000
4,1768,0,0,1768,1768,2,1968,1968,8,0.0,0,0,3,3,4,4,136500
5,1230,2,440,440,682,1,1910,1981,5,0.0,0,0,3,3,4,2,110000
6,2142,1,509,896,1182,2,1968,1968,8,576.0,1,448,2,3,2,4,193500
6,1337,2,405,1237,1337,2,1998,1998,5,443.0,0,1201,3,3,0,0,153500
8,1563,3,758,1563,1563,2,2007,2007,6,468.0,1,33,2,3,2,0,245000
5,1065,2,461,1065,1065,1,1960,1960,6,66.0,0,0,3,3,4,2,126500
7,1474,2,400,384,804,2,1995,1996,7,22.0,1,0,3,3,2,2,168500
8,2417,2,462,1288,1301,2,1991,1992,9,284.0,1,0,2,2,2,0,260000
6,1560,2,400,684,684,2,2005,2005,6,0.0,1,0,2,2,2,0,174000
6,1224,2,528,612,612,2,2009,2009,4,76.0,0,0,2,2,2,0,164500
3,1526,0,0,1013,1013,1,1915,1982,6,0.0,0,0,1,1,4,4,85000
4,990,0,0,990,990,1,1994,1995,5,0.0,0,588,3,3,2,0,123600
4,1040,2,420,0,1040,1,1950,1950,4,0.0,0,0,3,3,3,4,109900
5,1235,2,480,1235,1235,1,1961,1961,6,203.0,0,600,3,3,4,4,98600
5,964,2,432,876,964,1,1921,2006,5,0.0,0,713,3,3,2,0,163500
6,1786,2,684,824,905,2,1997,1997,7,0.0,0,648,2,3,2,0,204750
6,1470,2,420,680,680,2,1993,1993,6,68.0,1,310,3,0,2,2,185000
7,1588,2,472,1588,1588,2,1999,1999,6,183.0,0,1162,2,2,2,0,214000
4,960,1,432,960,960,1,1965,1965,6,48.0,0,520,3,3,4,4,94750
5,835,1,366,458,835,1,1920,1950,5,0.0,0,108,3,3,4,1,83000
4,1225,0,0,950,1225,1,1959,1959,6,0.0,0,569,3,3,4,1,128950
6,1610,2,480,1610,1610,2,1977,2001,6,28.0,2,1200,2,3,4,2,205000
6,1732,2,476,741,977,2,1985,1985,7,336.0,1,0,2,2,2,4,178000
5,1535,2,410,0,1535,2,1979,1979,8,0.0,0,0,3,3,3,4,118964
7,1226,3,740,1226,1226,2,2009,2009,6,0.0,0,0,2,3,2,0,198900
7,1818,1,240,1040,1226,1,1931,1950,7,600.0,2,224,3,3,4,0,169500
8,1992,2,648,1053,1053,2,2003,2004,9,768.0,1,0,2,2,0,0,250000
4,1047,1,273,641,1047,1,1885,1995,6,0.0,0,0,3,3,1,2,100000
5,789,1,250,789,789,1,1948,1950,5,0.0,0,104,3,3,4,0,115000
5,1517,0,0,793,997,2,1919,2005,7,0.0,0,0,1,3,4,4,115000
6,1844,2,546,1844,1844,2,1977,1977,7,480.0,1,705,3,3,2,0,190000
6,1855,1,325,994,1216,2,1954,1972,7,0.0,0,444,3,3,4,2,136900
7,1430,2,400,384,774,2,2000,2000,7,0.0,1,250,3,3,2,0,180000
7,2696,3,792,1264,1282,2,2007,2007,10,220.0,1,984,0,2,0,0,383970
6,2320,1,180,1028,1436,2,1945,2002,9,0.0,1,774,2,3,4,0,259500
6,1458,2,440,729,729,2,1999,1999,5,1129.0,1,419,3,3,2,2,176000
5,1092,1,288,1092,1092,1,1962,1962,6,116.0,1,170,3,3,4,4,139000
5,1125,2,430,1125,1125,1,2006,2007,5,0.0,0,0,3,3,2,2,155000
7,3222,3,594,1673,1699,3,1990,1990,11,0.0,2,1470,2,3,2,2,320000
6,1456,2,390,728,728,2,2005,2006,8,0.0,1,0,2,2,2,0,163990
6,988,2,540,938,988,1,1969,1969,4,0.0,2,938,3,3,4,0,180000
4,1123,1,264,732,772,1,1939,1950,4,0.0,0,0,3,3,4,2,100000
6,1080,1,288,1080,1080,1,1958,1958,5,135.0,0,570,3,3,4,2,136000
6,1199,2,530,1199,1199,2,1993,1993,5,0.0,0,300,2,2,2,0,153900
6,1586,2,435,1362,1586,2,1979,1998,7,0.0,1,0,3,3,2,4,181000
6,754,0,0,520,520,1,1935,1982,5,0.0,0,490,3,3,4,2,84500
6,958,2,440,1078,958,2,1976,1976,5,0.0,1,120,3,3,2,4,128000
5,840,0,0,672,840,1,1930,1950,5,0.0,1,116,3,3,4,0,87000
6,1348,2,453,660,660,1,1966,1966,6,266.0,1,512,3,3,4,4,155000
5,1053,2,750,1008,1053,1,1958,1991,6,85.0,0,567,0,3,4,4,150000
7,2157,2,487,924,1216,2,1966,1966,8,309.0,2,445,2,3,4,0,226000
6,2054,2,390,992,1022,2,2000,2000,7,40.0,1,695,2,2,2,0,244000
5,1327,2,624,1063,1327,1,1959,2002,7,0.0,0,405,2,3,4,2,150750
8,1296,2,471,1267,1296,2,2001,2002,6,136.0,0,1005,2,2,0,0,220000
5,1721,2,440,1461,1721,2,1968,1993,7,0.0,1,570,3,3,4,2,180000
7,1682,2,530,1304,1682,2,1970,1970,7,288.0,1,0,3,3,4,2,174000
5,1214,1,318,1214,1214,2,1967,1967,5,196.0,1,695,3,3,4,4,143000
7,1959,3,766,1907,1959,3,1988,1989,9,70.0,0,0,3,3,4,2,171000
8,1852,3,660,1004,1004,2,1999,2000,7,320.0,2,668,2,2,2,0,230000
6,1764,2,470,928,928,2,1997,1997,7,0.0,0,821,2,3,2,0,231500
4,864,0,0,864,864,1,1971,1971,5,0.0,1,432,3,3,4,4,115000
7,1734,2,660,1734,1734,2,2005,2005,7,0.0,0,1300,2,2,2,0,260000
5,1385,2,720,910,910,2,1952,1952,6,0.0,0,507,3,3,4,1,166000
7,1501,2,577,1490,1501,2,1999,1999,6,183.0,0,679,2,2,2,0,204000
5,1728,2,504,1728,1728,2,1963,1963,10,336.0,0,1332,3,3,4,4,125000
6,1709,2,380,970,970,2,2004,2006,7,50.0,0,0,2,2,2,0,130000
5,875,1,180,715,875,1,1931,1993,5,0.0,0,209,3,3,4,4,105000
7,2035,2,434,884,884,2,2001,2001,8,180.0,1,0,2,2,2,0,222500
7,1080,0,0,1080,1080,1,2004,2005,6,120.0,0,680,2,3,2,0,141000
5,1344,1,240,896,896,1,1936,1950,7,0.0,0,0,3,3,2,2,115000
5,969,2,440,969,969,1,1975,1975,5,0.0,0,716,3,3,4,4,122000
8,1710,3,866,1710,1710,2,2007,2008,6,436.0,1,1400,2,2,0,0,372402
6,1993,2,495,825,1097,2,1971,1971,8,252.0,1,416,3,3,4,2,190000
6,1252,2,564,1602,1252,1,1960,1975,4,0.0,1,429,3,3,2,2,235000
6,1200,1,312,1200,1200,1,1923,1950,7,0.0,0,0,3,3,4,4,125000
6,1096,0,0,572,572,1,1924,1950,5,0.0,0,0,3,3,4,1,79000
5,1040,2,625,0,1040,1,1950,1950,5,0.0,0,0,3,3,3,4,109500
8,1968,3,680,774,774,2,2009,2010,8,84.0,1,0,0,2,0,0,269500
7,1947,2,678,991,991,2,2004,2005,8,0.0,1,222,2,2,2,0,254900
7,2462,2,576,1392,1392,2,2005,2006,9,456.0,1,57,2,2,2,0,320000
6,1232,2,516,1232,1232,2,1984,1984,6,0.0,0,660,3,3,2,4,162500
9,2668,3,726,1572,1572,2,2003,2004,10,664.0,2,1016,0,2,0,0,412500
7,1541,2,532,1541,1541,2,2005,2005,7,226.0,1,1201,2,2,2,0,220000
4,882,0,0,882,882,1,1956,1956,4,0.0,0,0,3,3,4,0,103200
6,1616,1,216,1149,1149,2,1926,2004,5,0.0,0,370,2,3,4,2,152000
5,1355,0,0,644,808,2,1940,1999,6,0.0,0,351,3,3,4,2,127500
8,2161,3,789,1582,1610,1,2007,2007,8,300.0,1,1288,0,2,0,0,325624
7,1720,2,440,840,840,2,2004,2004,7,0.0,1,0,2,2,2,0,183500
8,1707,2,511,1686,1707,2,1981,1981,6,653.0,1,0,3,2,2,4,228000
5,1382,2,660,720,854,1,1941,1950,7,0.0,0,360,3,3,4,4,128500
6,1656,2,528,1080,1656,1,1960,1960,7,112.0,2,639,3,3,4,1,215000
7,1767,2,504,1064,1064,2,1987,1987,5,0.0,1,495,2,2,2,2,239000
6,1362,2,504,1362,1362,1,1961,1961,6,491.0,1,288,3,3,4,4,163000
6,1651,2,616,1606,1651,2,1986,1986,7,132.0,1,1398,3,3,2,4,184000
6,2158,2,576,1202,2158,2,1950,2001,7,0.0,1,477,2,3,4,4,243000
6,2060,2,521,1151,1164,2,1988,1989,8,268.0,1,831,3,2,2,4,211000
5,1920,2,451,1052,1252,2,1958,1958,8,0.0,1,57,2,2,4,0,172500
5,968,2,480,968,968,1,1923,2006,5,0.0,0,0,3,2,4,4,100000
6,1525,2,440,756,769,2,2000,2000,5,456.0,1,436,2,2,2,0,177000
7,1802,1,216,793,901,1,1920,1950,9,0.0,1,352,3,3,1,2,200100
5,1340,1,252,0,1340,1,1957,2006,7,98.0,1,0,3,3,3,0,120000
7,2082,2,484,1362,1362,2,2003,2003,6,0.0,0,0,2,3,2,0,200000
5,1252,2,576,504,936,1,1908,1991,5,0.0,0,0,3,3,1,2,127000
7,1217,2,497,1188,1217,2,1990,1991,6,0.0,0,611,2,3,2,0,173000
5,1656,1,180,660,808,2,1916,1987,8,0.0,0,0,3,3,1,0,135000
5,1224,2,528,1086,1224,0,1979,1979,6,275.0,2,1086,3,3,2,4,153337
8,1593,2,682,1593,1593,1,2001,2002,5,0.0,1,1153,0,2,0,0,286000
8,2727,2,440,853,1549,2,1932,1994,10,0.0,2,297,2,2,2,4,315000
7,1479,2,484,725,725,1,1972,2004,7,138.0,0,626,2,3,4,2,184000
7,1431,2,666,1431,1431,2,1999,1999,6,0.0,0,560,2,2,2,0,192000
7,1709,2,380,970,970,2,2004,2004,7,50.0,0,0,2,2,2,0,130000
5,864,1,352,864,864,1,1972,1972,5,0.0,0,390,3,3,4,4,127000
6,1456,2,440,855,855,2,1976,1976,7,0.0,1,566,3,3,2,4,148500
7,1726,3,786,1726,1726,2,2007,2007,8,205.0,1,1126,0,0,0,0,311872
8,1713,3,856,1713,1713,2,2004,2005,7,262.0,1,1088,0,2,0,0,274900
4,1121,2,440,1121,1121,2,2003,2004,5,0.0,0,0,3,3,2,0,140000
6,1279,2,473,1196,1279,2,1977,1977,6,0.0,2,641,3,3,4,4,171500
6,1310,1,398,617,865,2,1924,1950,6,0.0,0,617,3,3,1,2,112000
6,848,2,420,848,848,1,2004,2004,3,205.0,1,662,2,2,2,0,149000
5,1284,1,240,720,720,1,1947,1950,5,0.0,0,312,3,3,4,4,110000
7,1442,2,500,1424,1442,2,1990,1990,5,0.0,0,0,3,3,2,0,180500
5,1696,1,349,1140,1696,1,1962,1962,8,0.0,1,0,3,3,4,4,143900
4,1100,1,312,1100,1100,1,1960,1960,6,0.0,1,419,3,3,4,4,141000
7,2062,2,454,1157,1180,2,1988,1989,7,128.0,1,1065,3,2,2,0,277000
6,1092,2,504,1092,1092,1,1964,1964,6,260.0,0,787,3,3,2,0,145000
5,864,0,0,864,864,1,1925,1950,5,0.0,0,468,3,3,4,4,98000
6,1212,2,460,1212,1212,2,2009,2009,6,0.0,0,36,2,3,2,0,186000
7,1852,2,644,900,932,2,2009,2009,7,0.0,1,822,2,3,2,0,252678
5,990,2,576,990,990,1,1995,1995,5,0.0,0,716,3,3,2,0,156000
6,1392,1,299,689,689,1,1977,1977,6,153.0,0,378,3,3,2,0,161750
5,1236,1,447,1070,1236,1,1957,1996,6,64.0,1,360,2,3,4,4,134450
7,1436,2,484,1436,1436,2,2004,2004,8,266.0,0,946,2,2,2,0,210000
4,1328,1,210,686,810,1,1925,1950,8,0.0,0,0,3,3,4,1,107000
7,1954,2,431,798,1137,1,1939,2006,8,312.0,2,341,2,2,4,0,311500
7,1248,2,438,1248,1248,2,2005,2006,5,16.0,0,16,2,2,2,0,167240
7,1498,2,675,1498,1498,2,2006,2006,5,0.0,0,0,2,2,2,0,204900
6,2267,2,390,1010,1010,2,2002,2002,8,0.0,1,0,2,2,2,0,200000
6,1552,2,434,713,811,2,1975,1975,6,0.0,1,550,3,3,2,4,179900
4,864,2,576,864,864,1,1971,1971,4,0.0,0,524,3,3,4,2,97000
5,1302,1,280,630,630,2,1971,1971,6,142.0,0,0,3,3,4,4,112000
7,2520,3,721,1203,1214,2,1995,1995,9,290.0,1,565,2,2,2,0,290000
6,987,1,280,483,483,1,1970,1970,5,127.0,0,321,3,3,4,4,106000
5,912,1,336,912,912,1,1967,1967,5,0.0,1,842,3,3,4,4,125000
7,1555,2,430,1373,1555,2,2005,2006,7,16.0,1,16,2,2,2,0,192500
6,1194,1,312,1194,1194,1,1959,1959,6,220.0,0,0,3,3,4,4,148000
8,2794,3,810,1462,1490,2,1995,1996,9,506.0,1,689,0,2,2,0,403000
6,987,1,288,483,483,1,1972,1972,5,297.0,1,0,3,3,4,4,94500
5,894,1,308,894,894,1,1976,1976,5,0.0,0,182,3,3,4,4,128200
6,1960,2,440,860,860,2,2002,2002,8,0.0,2,625,2,2,2,0,216500
6,987,1,264,483,483,1,1971,1971,5,604.0,0,358,3,3,4,4,89500
7,1414,2,494,1414,1414,2,2004,2004,6,98.0,0,24,2,2,2,0,185500
7,1744,2,457,996,1014,2,1993,2003,7,0.0,0,402,2,2,2,0,194500
8,1694,3,818,1694,1694,2,2007,2007,7,254.0,0,0,2,0,0,0,318000
6,1487,1,220,735,798,1,1945,1950,7,0.0,1,94,3,3,4,4,113000
8,1566,2,750,1566,1566,2,2008,2008,7,36.0,0,1078,2,2,2,0,262500
5,866,0,0,686,866,1,1945,1997,4,0.0,0,329,2,3,4,2,110500
5,1440,1,352,540,889,1,1900,1950,6,0.0,0,0,3,3,4,2,79000
6,1217,1,288,626,626,1,1980,1980,6,0.0,1,0,3,3,2,4,120000
7,2110,2,463,948,1222,2,1994,2002,8,0.0,2,695,2,2,2,0,205000
7,1872,2,604,1845,1872,2,1988,1988,6,102.0,1,929,3,3,2,2,241500
6,1375,2,451,1367,1375,1,1954,1954,5,0.0,1,0,3,3,4,0,140000
7,1668,2,500,840,840,2,2003,2003,8,101.0,0,0,2,2,2,0,180000
6,2144,2,389,1444,1444,2,1958,2006,7,472.0,2,697,2,2,2,2,277000
3,1306,0,0,728,1306,1,1940,1966,6,0.0,0,0,1,3,4,0,76500
8,1625,2,538,1573,1625,2,2006,2007,5,481.0,1,1573,2,2,2,0,235000
6,1640,2,520,798,798,2,2004,2004,6,0.0,0,0,2,2,2,0,173000
6,1302,1,309,1302,1302,2,1964,1991,7,108.0,0,270,2,3,2,0,158000
5,1314,1,294,1314,1314,1,1957,1957,5,0.0,0,922,3,3,4,4,145000
7,2291,2,429,975,1005,2,1999,1999,8,302.0,1,0,2,2,2,0,230000
6,1728,2,673,864,864,2,2003,2003,7,0.0,0,503,2,2,2,0,207500
7,1604,2,660,1604,1604,2,2006,2006,8,180.0,1,1334,2,2,2,0,220000
7,1792,2,564,963,963,2,2001,2001,7,172.0,1,361,2,2,2,0,231500
5,882,1,308,0,882,1,1956,1956,4,0.0,0,0,3,3,3,2,97000
6,1382,2,884,1362,1382,1,1962,1962,6,399.0,1,672,3,3,4,4,176000
8,2574,3,868,1482,1482,2,2007,2007,10,270.0,1,0,0,2,0,0,276000
6,1212,2,492,506,1212,1,1977,1995,6,46.0,1,506,3,3,2,4,151000
5,1316,2,484,926,926,1,1929,2001,6,0.0,0,234,3,3,4,4,130000
5,764,2,504,680,764,1,1925,2004,4,0.0,0,0,3,3,1,2,73000
6,1422,2,576,1422,1422,2,1981,1981,7,210.0,1,588,2,3,2,4,175500
6,1511,2,413,802,802,2,1997,1997,8,0.0,1,714,3,3,2,2,185000
5,2192,1,240,720,1052,2,1939,1997,8,0.0,1,378,2,3,4,0,179500
5,778,1,924,740,778,1,1940,1955,4,0.0,1,403,3,3,4,0,120500
6,1113,1,504,1143,1113,1,1976,1976,6,174.0,1,751,3,3,4,4,148000
8,1939,3,1053,1095,1095,2,2006,2006,8,0.0,1,0,2,2,2,2,266000
7,1363,2,439,1385,1363,1,1954,2005,5,0.0,2,226,3,3,2,0,241500
8,2270,3,671,1152,1164,2,1999,2007,9,348.0,1,524,2,2,2,0,290000
6,1632,1,338,1240,1632,2,1958,1988,6,183.0,1,620,3,3,4,2,139000
5,816,1,264,816,816,1,1982,1982,5,0.0,0,546,3,3,4,4,124500
7,1548,2,672,952,952,2,1925,2007,5,0.0,0,0,0,2,4,2,205000
7,1560,2,573,1560,1560,2,2003,2003,7,0.0,0,0,2,2,0,0,201000
4,864,2,400,864,864,1,1951,1951,4,0.0,0,120,3,3,4,0,141000
9,2121,3,732,2121,2121,2,2006,2007,8,315.0,1,0,0,0,0,0,415298
7,2022,2,505,1160,1156,2,1977,1977,8,299.0,1,392,3,3,2,0,192000
7,1982,2,575,807,1175,2,1989,1989,7,340.0,1,421,2,2,2,2,228500
6,1262,2,572,1262,1262,2,2006,2006,5,68.0,0,905,2,2,2,2,185000
7,1314,2,626,1314,1314,2,2007,2008,6,166.0,1,904,2,2,2,0,207500
8,1468,3,898,1468,1468,2,2008,2009,6,72.0,1,0,2,2,2,0,244600
6,1575,2,529,1575,1575,2,1992,1992,5,0.0,0,430,2,2,2,2,179200
7,1250,2,528,625,625,2,2006,2007,5,0.0,0,0,2,2,2,0,164700
6,1734,2,440,912,1085,1,1962,1981,7,0.0,1,600,2,3,4,4,159000
4,858,0,0,858,858,1,1971,1971,5,0.0,0,614,3,3,4,4,88000
5,900,1,280,882,900,1,1967,1967,5,31.0,0,450,3,3,4,4,122000
6,1396,1,384,698,698,1,1915,2003,7,0.0,0,0,3,3,4,0,153575
8,1919,2,685,1079,1079,2,2006,2006,8,0.0,1,0,2,2,2,0,233230
5,1716,0,0,780,936,2,1912,2000,9,0.0,0,210,1,3,4,0,135900
5,1716,1,281,768,1148,1,1949,2008,8,0.0,1,292,3,3,4,2,131000
7,2263,2,539,795,1468,2,1977,1994,9,34.0,1,795,2,3,4,1,235000
6,1644,2,418,1416,1644,1,1953,1953,7,238.0,2,1285,3,3,4,4,167000
6,1003,2,588,1003,1003,1,1984,1984,6,0.0,0,819,3,3,4,4,142500
5,1558,1,282,910,910,1,1950,1950,6,0.0,0,420,3,3,4,4,152000
7,1950,2,576,975,975,2,1997,1998,7,1600.0,1,649,2,2,2,0,239000
6,1743,2,539,702,1041,1,1968,1968,7,365.0,1,384,3,2,4,2,175000
6,1152,1,300,1092,1152,1,1950,2004,6,0.0,1,0,2,3,4,0,158500
5,1336,1,375,1165,1336,1,1953,1953,5,56.0,2,841,3,3,4,4,157000
8,2452,2,683,1028,1210,2,1998,1999,9,0.0,1,281,2,2,2,0,267000
7,1541,3,843,1541,1541,2,2001,2002,6,150.0,1,0,2,2,2,0,205000
5,894,2,552,894,894,1,1972,1972,5,0.0,0,894,3,3,4,4,149900
8,2000,3,888,2000,2000,2,2004,2005,8,246.0,0,1464,2,2,2,0,305900
7,2243,3,746,700,1122,2,1990,1991,8,246.0,1,700,2,2,2,2,225000
6,1406,0,0,319,1035,1,1920,1950,6,0.0,0,0,1,3,4,4,89500
4,861,2,539,861,861,1,1940,1950,4,0.0,0,262,3,3,4,0,82500
9,1944,3,708,1896,1944,2,2003,2004,8,0.0,3,1274,0,2,0,0,360000
6,1501,2,420,697,697,2,1993,1994,6,112.0,1,518,2,3,2,2,165600
6,972,1,240,972,972,1,1948,2002,5,0.0,1,680,3,3,4,0,132000
5,1118,2,410,793,793,1,1939,1950,5,0.0,1,507,3,3,2,4,119900
7,2036,2,513,2136,2036,2,1965,1965,8,0.0,2,1236,3,3,2,4,375000
7,1641,2,546,728,832,1,1925,1990,6,0.0,1,16,0,3,4,0,178000
7,1432,2,432,716,716,2,2004,2005,6,0.0,1,425,2,2,2,0,188500
7,2353,2,484,845,1153,2,1980,1980,10,278.0,1,692,0,2,2,4,260000
8,1959,3,1025,1088,1088,2,2006,2006,8,0.0,1,0,2,2,2,0,270000
7,2646,3,656,1347,1372,2,1993,1993,9,256.0,1,987,2,2,2,0,260000
7,1472,2,588,1372,1472,2,1980,1980,6,225.0,2,1036,3,3,2,4,187500
9,2596,3,840,1249,1249,3,2006,2006,9,370.0,0,0,2,3,0,0,342643
8,2468,3,872,1136,1136,2,2004,2004,10,388.0,1,970,2,2,0,0,354000
7,2730,2,576,1502,1553,2,1986,1987,8,172.0,1,28,2,2,4,0,301000
3,1163,1,220,1162,1163,1,1955,2005,6,0.0,0,256,3,3,4,0,126175
7,2978,2,564,710,1898,2,1967,2007,11,300.0,1,0,2,2,2,0,242000
5,803,2,360,720,803,1,1941,1950,5,0.0,0,116,3,3,4,3,87000
8,1719,2,473,1719,1719,1,1993,1993,6,0.0,2,1619,2,2,2,0,324000
6,1383,1,292,1383,1383,1,1960,1960,7,175.0,0,565,3,3,4,4,145250
6,2134,2,441,844,1445,2,1916,1994,10,0.0,0,0,2,3,4,2,214500
5,1192,1,189,596,596,1,1920,1950,6,0.0,0,0,3,3,4,4,78000
5,1056,1,308,1056,1056,1,1958,1992,6,0.0,0,846,3,3,4,1,139000
8,1629,3,880,3206,1629,2,2003,2004,7,296.0,1,1124,2,2,2,0,284000
7,1358,2,484,1358,1358,2,2004,2004,6,146.0,1,720,2,2,2,0,207000
6,1638,2,472,943,943,2,1998,1998,7,0.0,2,828,3,3,2,2,192000
9,1922,3,676,1922,1922,2,2005,2006,8,200.0,1,1249,2,2,0,0,377426
7,1536,2,532,1536,1536,2,2002,2003,7,113.0,0,810,2,2,2,0,214000
7,1621,2,440,1208,1621,2,1984,1998,8,0.0,0,213,2,2,2,0,202500
6,1215,1,297,1215,1215,1,1958,1998,6,176.0,0,585,3,3,4,4,155000
8,1908,2,431,967,993,2,2002,2002,9,0.0,0,0,2,2,2,0,202900
4,841,1,294,721,841,1,1950,1950,4,0.0,0,0,3,1,4,2,82000
3,1040,2,400,0,1040,2,1949,1950,6,340.0,0,0,3,3,3,1,87500
9,1684,2,564,1684,1684,2,2005,2005,6,616.0,1,28,0,0,0,0,266000
5,1112,1,336,536,536,1,1976,1976,4,0.0,0,129,3,3,2,4,85000
6,1577,1,312,972,972,1,1939,1950,6,0.0,1,0,1,3,4,2,140200
6,958,1,301,958,958,1,1960,1998,5,0.0,0,498,3,3,4,4,151500
6,1478,2,498,1478,1478,2,1960,1960,6,30.0,2,1270,3,3,4,0,157500
7,1626,2,474,764,764,2,2003,2004,6,106.0,0,573,2,2,2,0,154000
9,2728,3,706,1848,1848,2,2005,2006,10,870.0,2,1410,0,0,0,0,437154
9,1869,2,617,1869,1869,2,2007,2007,6,362.0,1,0,0,0,0,0,318061
7,1453,2,445,1453,1453,1,1986,1986,6,0.0,1,1082,2,3,2,2,190000
5,1111,1,200,616,616,1,1941,1950,5,0.0,0,236,3,3,4,4,95000
6,720,2,484,624,720,1,1928,2003,5,0.0,0,0,3,3,4,2,105900
6,1595,1,240,940,1192,1,1940,2000,6,0.0,2,388,3,3,4,0,140000
6,1200,2,521,1200,1200,2,1995,1995,6,0.0,0,334,2,2,2,0,177500
6,1167,2,400,1158,1167,2,1992,1992,6,106.0,0,560,2,3,2,2,173000
5,1142,2,528,1142,1142,1,1976,1976,6,0.0,1,874,3,3,2,4,134000
5,1352,1,288,1062,1352,1,1958,1958,6,120.0,0,300,2,3,4,0,130000
8,1924,2,592,1086,1086,2,1998,1998,7,530.0,1,956,2,2,2,0,280000
6,912,2,470,888,912,1,1978,1978,5,0.0,1,773,3,3,2,0,156000
5,1505,1,240,883,988,1,1940,1982,8,0.0,0,399,3,3,4,2,145000
7,1922,2,672,0,495,3,2003,2003,7,500.0,1,0,2,2,3,0,198500
6,987,1,264,483,483,1,1972,2007,5,510.0,0,162,2,3,4,2,118000
6,1574,2,566,796,790,2,1976,1976,6,120.0,1,712,3,3,2,4,190000
5,1344,1,468,672,672,1,1920,1997,6,0.0,0,456,3,3,4,2,147000
6,1394,2,514,1394,1394,1,1963,1963,6,247.0,2,609,3,3,2,2,159000
6,1431,1,296,1099,1431,1,1962,1962,6,305.0,1,371,3,3,2,2,165000
5,1268,1,244,1268,1268,1,1954,1954,7,200.0,1,540,3,3,4,2,132000
5,1287,2,576,1063,1287,1,1959,2006,7,0.0,1,72,2,3,4,0,162000
6,1664,2,460,953,953,2,2000,2000,7,0.0,1,0,3,3,2,0,172400
4,1588,2,680,0,1120,2,1959,1959,7,0.0,1,0,3,3,3,4,134432
6,752,1,264,744,752,1,1984,1984,4,0.0,0,623,3,3,2,4,125000
5,1319,1,270,608,1319,1,1953,1953,5,0.0,0,428,3,3,4,4,123000
7,1928,2,434,847,847,2,2003,2004,8,0.0,1,0,2,2,2,0,219500
1,904,0,0,683,904,0,1922,1950,4,0.0,0,350,1,1,1,2,61000
5,914,2,576,870,914,1,1996,1996,5,0.0,0,298,3,2,2,0,148000
8,2466,2,610,1580,1580,3,2004,2005,8,0.0,1,0,2,2,2,0,340000
9,1856,3,834,1856,1856,1,2010,2010,8,350.0,1,1445,0,2,0,0,394432
6,1800,2,463,982,1007,2,2000,2000,7,16.0,1,0,3,3,2,0,179000
5,1691,1,308,1026,1026,2,1924,1950,6,0.0,1,218,2,3,4,4,127000
7,1301,2,572,1293,1301,2,2006,2006,5,0.0,1,0,2,2,2,0,187750
7,1797,2,639,939,939,2,2006,2006,8,0.0,0,0,2,2,2,0,213500
6,784,2,360,784,784,1,1928,1950,5,0.0,0,0,3,3,1,4,76000
6,1953,2,501,1580,1079,2,1992,1992,9,0.0,2,985,2,2,2,0,240000
8,1269,2,430,1256,1269,2,2004,2005,6,16.0,1,24,2,2,2,0,192000
5,1184,0,0,658,658,1,1910,1996,8,0.0,0,0,3,3,4,4,81000
6,1125,1,352,1041,1125,1,1976,1976,6,255.0,1,631,3,3,4,0,125000
7,1479,2,577,1468,1479,2,1999,2000,6,125.0,0,0,2,2,2,0,191000
10,2332,3,846,1682,1742,2,2007,2008,9,272.0,1,1280,0,0,0,0,426000
5,1367,1,384,861,961,1,1900,1950,7,0.0,0,241,3,3,4,0,119000
6,1961,2,560,804,804,2,2001,2002,7,0.0,1,690,2,3,0,0,215000
5,882,1,294,0,882,1,1959,1959,5,0.0,0,0,3,3,3,4,106500
4,788,0,0,788,788,1,1941,1950,4,0.0,2,266,3,3,4,4,100000
5,1034,1,240,735,735,1,1940,1950,5,0.0,0,0,3,3,4,2,109000
5,1144,1,596,1144,1144,1,1956,1956,6,0.0,0,739,3,3,4,4,129000
5,894,2,600,894,894,1,1972,1972,6,0.0,0,777,3,3,4,4,123000
5,1812,1,264,864,876,2,1962,1962,8,288.0,1,540,3,3,4,4,169500
5,1077,1,338,961,1077,1,1920,1950,6,0.0,0,0,3,3,1,2,67000
7,1550,2,438,1092,1112,2,2006,2007,7,100.0,0,812,2,2,2,0,241000
8,1288,2,500,1260,1288,1,1996,1996,4,0.0,2,786,0,2,2,0,245500
7,1310,2,400,1310,1310,2,2005,2005,6,0.0,1,24,2,2,2,0,164990
5,672,1,240,672,672,1,1940,1997,4,0.0,0,0,3,3,4,0,108000
8,2263,2,420,1141,1165,2,1998,1998,10,650.0,1,0,2,2,2,2,258000
6,1572,2,373,806,806,2,1995,1996,7,0.0,1,0,3,3,2,2,168000
4,1620,2,490,1281,1620,2,1976,1993,8,0.0,1,1116,3,3,4,0,150000
6,1639,1,240,1064,1166,1,1936,1950,6,0.0,0,0,3,3,4,0,115000
6,1680,1,308,840,840,2,1915,1976,8,0.0,0,0,3,3,2,0,177000
7,2172,3,947,1063,1071,2,2006,2006,9,350.0,1,0,2,2,0,0,280000
8,2078,3,836,1034,1050,2,2007,2008,8,100.0,1,789,0,2,0,0,339750
5,1276,1,350,1276,1276,1,1958,1958,5,0.0,0,0,3,3,4,4,60000
5,1056,2,572,1056,1056,1,1955,1955,5,0.0,0,1056,3,3,4,4,145000
7,1478,2,484,1470,1478,2,2009,2009,7,432.0,1,578,2,0,0,0,222000
5,1028,2,360,1008,1028,1,1927,1950,5,0.0,1,0,3,3,4,2,115000
7,2097,3,678,1080,1080,2,1993,1993,9,0.0,1,50,2,2,2,0,228000
7,1340,2,396,1340,1340,2,2007,2007,6,0.0,0,24,2,2,2,0,181134
6,1400,2,440,672,672,1,1978,1978,6,203.0,1,209,3,3,4,4,149500
6,2624,3,864,1370,1370,2,1918,1950,10,0.0,1,1128,3,3,2,4,239000
5,1134,1,240,756,756,1,1940,1950,7,0.0,0,312,3,3,4,1,126000
5,1056,1,304,1056,1056,1,1968,1968,6,0.0,1,775,3,3,4,0,142000
7,1344,4,784,1344,1344,2,1997,1998,8,200.0,0,1309,3,3,2,0,206300
6,1602,2,529,1602,1602,2,1977,2000,8,126.0,1,1246,2,2,2,2,215000
5,988,2,520,988,988,1,1954,1954,4,0.0,0,0,3,3,4,0,113000
8,2630,3,696,1470,1470,2,1998,1998,8,473.0,1,986,2,2,2,2,315000
6,1196,1,297,1196,1196,1,1956,1956,6,74.0,1,616,3,3,2,2,139000
7,1389,1,240,651,707,1,1946,1992,6,0.0,2,0,3,3,4,2,135000
7,1644,2,569,1518,1644,2,1989,1989,5,145.0,1,1518,2,2,2,2,275000
4,907,1,352,907,907,1,1957,1957,5,0.0,0,288,3,3,4,0,109008
7,1208,2,628,1208,1208,2,2007,2007,6,108.0,0,664,2,2,2,0,195400
6,1412,2,576,1392,1412,2,1988,1988,6,0.0,1,1005,2,3,2,4,175000
6,987,1,264,483,483,1,1971,1971,4,232.0,0,387,3,3,4,4,85400
6,1198,0,0,901,1088,1,1920,1998,7,0.0,0,0,3,3,4,2,79900
5,1365,2,440,765,765,1,1971,1971,6,376.0,0,471,3,3,4,0,122500
6,1604,2,470,926,926,2,1997,1998,7,0.0,1,0,3,3,2,0,181000
4,630,0,0,630,630,1,1972,1972,3,0.0,0,495,3,3,2,2,81000
7,1661,2,550,799,827,2,1996,1996,6,0.0,1,385,2,2,2,0,212000
6,1118,2,440,648,734,1,1920,1950,6,0.0,0,0,3,3,1,4,116000
6,904,1,180,884,904,1,1926,2004,4,0.0,0,0,3,2,4,2,119000
5,694,1,352,440,694,1,1913,2002,4,0.0,1,365,2,3,4,4,90350
6,1196,2,528,684,684,1,1920,2000,7,0.0,0,0,2,3,4,2,110000
4,1440,0,0,1440,1440,2,1955,1955,8,270.0,0,133,1,3,4,4,118000
5,1573,2,360,1078,1128,2,1930,1992,8,0.0,1,0,3,3,4,4,162900
7,1258,3,648,1258,1258,2,2006,2007,6,72.0,1,0,2,2,0,0,172500
7,1908,2,493,915,933,2,1994,1995,8,0.0,1,642,2,2,2,0,210000
6,1689,2,480,1436,1689,1,1956,1956,7,0.0,1,0,3,3,4,1,127500
6,1888,2,578,1517,1888,2,1966,2002,6,0.0,1,247,2,2,4,0,190000
7,1886,2,431,930,956,2,1998,1999,10,0.0,1,0,2,2,2,2,199900
6,1376,1,198,780,780,2,1937,1950,7,0.0,1,0,3,3,4,4,119500
3,1183,1,308,649,679,1,1948,2002,6,0.0,0,331,3,3,4,0,120000
6,813,1,270,813,813,1,1930,2005,5,0.0,0,0,2,3,4,0,110000
7,1533,2,576,1533,1533,2,1975,1975,5,0.0,2,655,2,3,2,4,280000
6,1756,2,422,872,888,2,1996,1997,7,42.0,0,742,3,2,0,0,204000
8,1590,2,676,768,786,2,2008,2008,6,0.0,0,0,2,2,2,0,210000
5,1728,2,560,1728,1728,2,1976,1976,8,0.0,0,1606,3,3,4,4,188000
7,1242,2,528,1242,1242,1,1973,1973,6,320.0,1,916,3,3,4,1,175500
5,1344,3,513,624,624,1,1916,1950,7,0.0,0,0,3,3,4,1,98000
4,1663,2,529,1364,1663,1,1954,1994,6,0.0,2,1116,2,3,2,0,256000
8,1666,1,228,588,833,1,1925,1996,7,0.0,1,0,2,3,4,1,161000
5,1203,1,352,709,979,1,1950,1950,5,161.0,1,185,2,3,4,4,110000
8,1935,2,552,832,832,2,2009,2009,8,110.0,0,544,3,2,2,0,263435
7,1135,2,576,560,575,1,1936,2007,6,0.0,0,350,2,2,2,0,155000
5,864,1,360,864,864,1,1965,1965,5,0.0,1,553,3,3,4,2,62383
6,1660,1,240,715,849,1,1934,1995,6,0.0,1,326,3,3,4,1,188700
5,1040,0,0,1040,1040,2,1978,1978,5,136.0,0,616,3,3,2,4,124000
7,1414,2,398,1375,1414,2,2004,2004,6,18.0,1,0,2,2,2,0,178740
7,1277,2,526,1277,1277,1,1970,1970,5,0.0,1,778,3,3,4,4,167000
5,1644,1,312,728,888,1,1942,1995,7,224.0,2,386,2,3,4,0,146500
8,1634,3,866,1626,1634,2,2006,2006,7,248.0,1,0,2,2,2,0,250000
6,1710,2,506,832,832,2,1993,1993,7,120.0,0,426,2,2,2,0,187000
8,1502,2,528,1488,1502,1,1985,1985,4,0.0,0,368,2,2,2,4,212000
7,1969,2,534,808,1161,2,1977,1977,8,0.0,1,0,3,3,2,4,190000
6,1072,2,525,547,1072,1,2005,2005,5,80.0,0,459,3,3,2,0,148000
8,1976,3,908,1976,1976,2,2006,2007,7,304.0,1,1350,2,2,0,0,440000
8,1652,2,499,1494,1652,2,2000,2000,6,0.0,0,1196,0,2,2,0,251000
5,970,2,624,970,970,1,1963,1963,5,0.0,0,630,3,3,4,4,132500
6,1493,2,508,1478,1493,2,1997,1998,7,215.0,1,994,2,3,2,0,208900
9,2643,3,694,2153,2069,2,2006,2006,9,772.0,1,0,0,0,2,0,380000
8,1718,3,826,1705,1718,2,2007,2008,7,336.0,1,1288,2,2,0,0,297000
4,1131,2,672,907,1131,1,1937,2000,7,435.0,0,168,3,3,1,4,89471
9,1850,3,772,1833,1850,2,2004,2005,8,378.0,1,1261,2,2,0,0,326000
9,1792,3,874,1792,1792,2,2003,2004,6,562.0,1,1567,0,2,0,0,374000
7,1826,1,164,910,916,1,1915,2005,7,0.0,1,299,0,2,4,0,155000
6,1216,2,402,1216,1216,2,1998,1998,5,116.0,0,897,3,3,0,0,164000
5,999,1,264,999,999,1,1962,2001,6,0.0,0,588,2,3,4,2,132500
5,1113,1,264,1113,1113,1,1950,2007,5,0.0,1,607,2,2,4,2,147000
5,1073,2,515,1073,1073,1,1965,1965,6,168.0,0,836,3,3,4,4,156000
5,1484,2,487,1484,1484,2,1971,1971,7,0.0,1,998,3,3,2,2,175000
5,2414,2,520,954,1766,2,1900,1970,10,0.0,1,664,3,3,4,4,160000
4,630,1,286,630,630,1,1970,2002,3,0.0,0,515,2,3,2,4,86000
5,1304,1,336,264,616,1,1976,1976,4,0.0,1,0,3,3,2,4,115000
6,1578,1,240,806,958,1,1941,1950,5,0.0,2,403,1,3,4,4,133000
6,1456,2,429,728,728,2,2006,2006,8,0.0,0,0,3,2,2,2,172785
5,1269,1,308,1269,1269,1,1960,1960,6,0.0,1,374,3,3,4,4,155000
5,886,1,273,190,886,1,1938,1996,4,0.0,0,0,3,3,1,2,91300
4,720,0,0,720,720,1,1920,1950,4,0.0,0,495,3,3,4,4,34900
7,1820,1,240,1026,1133,2,1925,1950,8,0.0,0,329,3,3,4,0,184000
5,899,1,288,864,899,1,1967,2004,5,89.0,0,450,2,3,4,0,130000
6,1218,1,264,672,672,1,1973,1973,7,285.0,0,356,3,3,4,4,113000
7,1768,2,603,866,866,2,2005,2005,7,0.0,0,400,2,2,2,2,226700
5,1214,2,461,1214,1214,1,1965,1965,6,0.0,0,698,3,3,4,0,140000
7,1801,2,484,1501,1801,2,1959,1997,6,0.0,2,1247,3,3,4,4,289000
6,1322,2,440,855,855,2,1974,1974,6,0.0,1,257,3,3,4,4,147000
5,1960,2,400,960,960,2,1952,1952,10,360.0,0,0,3,3,4,2,124500
8,1911,2,471,777,1065,2,1993,1994,8,125.0,1,380,2,2,2,0,215000
6,1218,2,676,1218,1218,2,2009,2009,4,0.0,0,27,2,2,2,0,208300
7,1378,2,360,689,689,2,1928,2005,7,0.0,1,141,2,3,4,0,161000
5,1041,1,270,1041,1041,1,1959,1959,6,132.0,0,991,3,3,4,0,124500
5,1363,1,288,1008,1363,1,1951,2000,6,70.0,2,650,3,2,4,0,164900
7,1368,2,474,1368,1368,2,2005,2006,6,94.0,1,0,2,2,2,0,202665
5,864,2,624,864,864,1,1958,1958,5,0.0,0,521,3,3,4,4,129900
6,1080,2,484,1084,1080,1,1983,1983,5,0.0,0,336,3,3,4,4,134000
5,789,1,200,768,789,1,1926,1950,5,0.0,0,0,3,3,4,1,96500
10,2020,3,900,2006,2020,2,2009,2009,9,305.0,1,1436,0,0,0,0,402861
6,2119,2,583,689,1378,2,1972,1972,7,333.0,1,0,3,3,4,4,158000
7,2344,3,889,1264,1277,2,1996,1997,7,921.0,1,0,2,2,2,0,265000
6,1796,2,546,794,882,2,1998,1998,7,0.0,0,706,3,3,2,0,211000
7,2080,1,282,1276,1276,1,1926,2004,9,0.0,2,0,2,2,2,0,234000
6,1244,1,336,1244,1244,1,1957,1957,6,0.0,2,777,3,3,4,0,150000
6,1664,2,420,1004,1004,2,1947,1950,7,0.0,2,399,3,3,4,0,159000
7,2398,3,834,1379,1383,2,1996,1997,8,594.0,1,719,2,2,2,0,315750
7,1266,2,453,1257,1266,2,2005,2005,6,0.0,1,0,2,2,2,0,176000
5,928,1,252,928,928,1,1956,2000,4,0.0,0,377,3,3,2,4,132000
9,2713,3,858,1452,1476,2,2008,2008,11,268.0,1,1330,0,0,0,0,446261
4,605,0,0,528,605,1,1920,2002,5,0.0,0,348,3,3,4,0,86000
6,1509,2,600,1461,1509,2,1988,1989,5,219.0,1,783,2,2,2,0,175000
6,1362,2,502,611,751,2,1920,1999,6,0.0,0,0,3,3,1,0,128000
5,827,1,392,0,827,1,1955,2007,5,0.0,1,0,3,3,3,0,107500
1,334,0,0,0,334,1,1946,1950,2,0.0,0,0,1,1,3,1,39300
8,1414,2,403,707,707,2,2004,2004,6,0.0,1,0,2,2,0,0,178000
5,1347,0,0,1117,820,1,1910,1991,5,0.0,0,969,3,3,2,4,107500
7,1724,2,527,880,880,2,1998,1999,8,0.0,0,0,2,3,2,0,188000
4,864,2,576,864,864,1,1972,1972,5,0.0,0,600,3,3,4,4,111250
5,1159,1,336,1051,1159,1,1968,1968,7,188.0,1,673,3,3,4,4,158000
8,1601,2,670,1581,1601,2,2001,2002,6,479.0,1,1358,2,2,2,0,272000
9,1838,3,765,1838,1838,2,2006,2006,8,584.0,1,1260,0,0,0,0,315000
8,2285,3,648,969,997,2,2000,2000,8,72.0,1,0,2,2,2,0,248000
7,1680,2,583,1650,1680,2,1998,1999,7,0.0,1,144,2,2,0,0,213250
7,767,1,367,723,767,1,1998,1998,4,182.0,0,584,3,3,2,0,133000
7,1496,2,426,654,664,2,2006,2006,7,0.0,1,554,2,2,2,0,179665
7,2183,3,786,1204,1377,2,1988,1988,9,178.0,0,1002,2,2,2,2,229000
6,1635,2,440,1065,915,1,1923,1950,6,0.0,1,300,3,3,2,0,210000
5,768,2,624,768,768,1,1970,1970,5,0.0,0,619,3,3,2,0,129500
5,825,2,720,825,825,1,1955,1995,4,0.0,0,180,3,3,4,4,125000
7,2094,2,615,912,912,2,2003,2004,8,0.0,1,0,2,2,2,0,263000
6,1069,2,440,1069,1069,2,1977,1977,4,0.0,0,559,3,3,2,4,140000
5,928,1,288,928,928,1,1957,1957,5,0.0,0,308,3,3,4,2,112500
8,1717,3,908,1709,1717,2,2006,2006,7,250.0,1,0,2,2,0,0,255500
4,1126,2,520,0,1126,2,1949,2003,5,0.0,0,0,2,3,3,0,108000
7,2046,3,871,998,1006,2,2003,2004,8,292.0,1,866,2,2,2,0,284000
5,1048,1,280,993,1048,1,1922,1950,5,0.0,1,0,3,3,4,4,113000
5,1092,1,299,1092,1092,1,1957,1957,6,0.0,1,895,3,3,4,4,141000
4,1336,1,570,637,897,1,1920,1950,7,0.0,0,637,3,3,4,2,108000
7,1446,2,406,729,729,2,1996,1997,6,0.0,1,604,3,3,2,0,175000
7,1557,2,420,1374,1557,2,2003,2004,7,18.0,1,0,2,2,2,0,234000
5,1392,2,528,1392,1392,1,1957,1996,5,180.0,1,1302,3,3,2,4,121500
5,1389,2,418,1389,1389,1,1974,1975,6,0.0,1,1071,3,3,2,2,170000
5,996,0,0,996,996,1,1940,1969,6,0.0,1,290,3,3,4,0,108000
6,1674,2,396,1163,1163,2,1918,1950,8,0.0,1,0,3,3,2,0,185000
7,2295,2,590,1095,1166,2,1992,2000,9,0.0,1,728,2,2,2,0,268000
6,1647,1,216,806,841,1,1915,1950,6,0.0,0,0,1,3,2,4,128000
9,2504,3,656,1122,1134,2,2005,2007,11,245.0,1,0,0,2,2,0,325000
7,1535,2,532,1517,1535,2,2004,2004,7,168.0,0,2,2,2,2,0,214000
8,2132,2,612,1496,1496,1,1983,2009,5,0.0,1,1441,2,2,2,0,316600
5,943,2,600,943,943,1,1979,1979,4,0.0,2,943,3,3,2,4,135960
5,1728,2,576,1728,1728,2,1965,1965,10,108.0,0,231,3,3,4,4,142600
6,864,1,288,864,864,1,1959,1959,4,207.0,0,414,2,3,4,0,120000
7,1692,2,650,846,846,2,2009,2009,6,0.0,0,0,2,3,0,2,224500
7,1430,2,400,384,774,2,2000,2000,8,0.0,1,0,3,3,2,0,170000
5,1109,1,288,372,576,1,1971,2005,5,82.0,0,349,3,3,4,4,139000
5,1216,1,336,832,832,1,1947,1950,6,0.0,0,442,3,3,4,4,118500
7,1477,1,216,861,877,2,1928,1950,6,0.0,1,0,3,3,4,2,145000
5,1320,2,564,1164,1320,1,1966,1966,6,97.0,2,328,3,3,4,0,164500
7,1392,2,540,689,703,2,2007,2007,5,0.0,0,0,2,2,2,0,146000
5,1795,1,352,1050,1050,2,1954,1954,7,335.0,0,0,3,3,4,0,131500
6,1429,2,572,1144,1429,1,1960,1987,7,85.0,2,594,2,3,4,0,181900
8,2042,3,1390,2042,2042,2,2008,2009,8,306.0,1,0,0,0,0,0,253293
6,816,0,0,816,816,1,1990,1990,5,104.0,0,816,3,3,2,4,118500
10,2775,2,880,1237,1521,3,1893,2000,9,0.0,1,0,2,0,4,2,325000
4,1573,1,240,884,989,1,1935,1995,6,0.0,0,0,2,3,4,0,133000
8,2028,3,880,1868,2028,2,2005,2006,7,208.0,2,1460,2,2,0,0,369900
6,838,1,275,816,838,1,1918,2000,5,0.0,0,210,1,3,4,0,130000
5,860,2,528,840,860,1,1982,1982,4,0.0,0,672,3,3,4,4,137000
5,1473,1,452,1437,1473,1,1968,2003,5,0.0,2,1324,0,3,4,0,143000
5,935,1,308,742,779,1,1930,1960,4,0.0,0,0,3,3,4,4,79500
7,1582,2,520,770,770,2,2004,2004,6,0.0,0,490,2,2,2,0,185900
10,2296,3,842,1722,1728,2,2008,2008,10,420.0,1,1338,0,0,0,0,451950
5,816,2,816,816,816,1,1982,2003,4,0.0,0,816,3,3,4,0,138000
6,848,2,420,848,848,1,2003,2003,4,170.0,0,685,2,2,2,0,140000
5,924,1,280,924,924,1,1975,1975,5,0.0,0,0,3,3,2,4,110000
8,1826,3,758,1814,1826,2,2005,2006,7,238.0,1,1422,2,2,2,0,319000
6,1368,1,216,684,684,1,1910,1993,7,0.0,0,0,3,3,4,0,114504
7,1402,3,648,1258,1402,0,2006,2007,7,72.0,1,0,2,2,0,0,194201
5,1647,2,621,1430,1647,2,1977,1977,7,459.0,1,1283,2,3,2,0,217500
6,1556,2,452,716,716,2,1980,1980,6,0.0,1,81,3,3,2,4,151000
8,1904,2,736,1058,1058,2,2005,2005,8,280.0,1,546,0,2,2,0,275000
6,1375,1,544,780,780,1,1937,1950,6,0.0,1,0,2,3,4,4,141000
8,1915,2,506,908,927,2,1992,1992,8,0.0,1,789,2,2,2,0,220000
7,1200,2,480,600,600,2,2004,2005,4,0.0,0,0,2,2,2,0,151000
7,1494,2,530,1494,1494,2,2002,2002,6,99.0,1,922,2,2,2,0,221000
7,1986,2,486,768,1186,2,1965,1990,7,176.0,3,454,3,3,4,4,205000
5,1040,2,576,1040,1040,1,1996,1996,6,0.0,0,732,2,3,2,2,152000
5,2008,1,230,896,1112,3,1948,2002,8,0.0,0,603,0,3,4,0,225000
8,3194,2,380,965,1940,2,1934,1998,10,0.0,2,428,3,3,2,4,359100
4,1029,1,261,1029,1029,1,1961,1961,5,192.0,0,903,3,3,4,2,118500
9,2153,3,736,1440,1476,2,2000,2000,8,204.0,2,904,0,2,0,0,313000
6,1032,2,564,1032,1032,2,1978,1978,6,233.0,1,605,3,3,2,4,148000
8,1872,2,531,1299,1299,2,2001,2001,7,108.0,1,990,0,2,2,0,261500
5,1120,0,0,1120,1120,1,2007,2007,6,0.0,0,206,3,3,2,0,147000
4,630,0,0,630,630,1,1972,1972,3,0.0,0,150,3,3,2,0,75500
6,1054,2,480,936,1054,1,1963,1963,6,156.0,0,763,2,3,4,0,137500
6,1509,2,393,783,807,2,2002,2003,7,0.0,1,457,2,2,2,0,183200
6,832,2,528,832,832,1,1954,1954,4,0.0,0,0,2,3,4,2,105500
9,1828,3,774,1822,1828,2,2007,2007,9,452.0,1,48,2,0,0,0,314813
8,2262,3,749,1482,1482,2,2003,2003,10,226.0,2,871,2,2,2,0,305000
3,864,0,0,864,864,1,1914,1950,5,0.0,0,41,3,3,4,4,67000
6,2614,2,624,1522,1548,2,1974,1997,9,0.0,1,956,3,3,4,4,240000
5,980,2,484,980,980,1,1977,1977,6,153.0,0,560,3,3,4,4,135000
6,1512,2,440,756,756,2,2000,2000,4,513.0,1,420,2,2,2,0,168500
6,1790,2,484,732,1012,1,1972,1972,8,288.0,1,247,3,3,4,2,165150
6,1116,2,440,1116,1116,1,1962,1962,5,261.0,0,0,3,3,4,4,160000
5,1422,1,286,978,1422,1,1960,1978,6,0.0,1,0,3,3,4,4,139900
6,1520,1,364,1156,1520,1,1955,1972,7,164.0,2,674,3,3,4,0,153000
5,2080,2,504,1040,1040,1,1969,1969,9,192.0,2,650,1,3,2,4,135000
6,1350,2,520,1248,1350,1,1964,1964,6,259.0,0,624,3,3,4,4,168500
5,1750,1,240,636,1089,1,1880,1991,8,0.0,0,0,0,3,1,4,124000
8,1554,2,627,1554,1554,2,2006,2006,6,108.0,1,24,2,2,2,0,209500
7,1411,2,544,1386,1411,2,1977,1977,6,209.0,1,822,3,3,4,4,82500
5,1056,1,260,1056,1056,1,1954,2005,6,0.0,0,480,3,3,4,4,139400
6,1056,2,576,1056,1056,0,1980,1980,4,0.0,0,1056,3,3,4,2,144000
2,800,0,0,264,800,1,1936,1950,4,0.0,1,0,1,1,4,1,60000
5,1387,1,256,811,811,2,1954,1954,7,0.0,0,0,2,3,4,4,93000
5,796,0,0,796,796,1,1910,1950,4,0.0,0,0,3,3,1,2,85000
8,1567,3,648,1520,1567,2,2006,2006,7,0.0,1,1154,0,2,2,0,264561
8,1518,2,588,1518,1518,1,2003,2004,6,472.0,1,1218,0,0,0,0,274000
7,1929,2,650,1057,1057,2,2001,2001,7,0.0,1,738,2,2,2,0,226000
8,2704,2,538,1952,2000,2,1972,1995,9,0.0,3,1410,0,2,2,2,345000
5,1620,2,462,780,780,2,1969,1969,7,263.0,0,493,3,3,4,0,152000
9,1766,3,478,1766,1766,2,2009,2009,7,162.0,1,1121,0,0,0,0,370878
6,981,2,576,981,981,1,1971,1971,5,0.0,0,282,3,3,4,4,143250
5,1048,2,420,0,1048,1,1950,1950,7,0.0,0,0,3,3,3,2,98300
6,1094,2,495,1094,1094,1,1953,1953,5,216.0,2,500,3,3,4,0,155000
6,1839,2,442,756,1051,1,1966,1966,7,351.0,1,0,3,3,4,4,155000
4,630,0,0,630,630,1,1970,1970,3,0.0,0,131,3,3,2,2,84500
7,1665,2,562,813,822,2,2007,2007,7,0.0,0,0,2,2,2,0,205950
4,1510,1,296,755,755,1,1940,1950,7,0.0,1,0,3,3,4,4,108000
7,1716,2,512,880,909,2,1996,1996,7,0.0,1,0,2,2,2,0,191000
6,1469,1,216,756,756,1,1906,1995,7,0.0,0,0,3,3,4,0,135000
8,2113,3,839,2109,2113,2,1995,1995,7,660.0,1,1696,2,2,2,0,350000
6,1092,1,264,525,525,1,1971,1971,6,381.0,0,0,3,3,4,4,88000
5,1053,1,312,1053,1053,1,1959,2006,5,54.0,0,806,2,2,4,0,145500
7,1502,1,270,776,851,1,1931,2000,6,0.0,1,0,3,3,2,4,149000
6,1458,1,330,912,912,1,1948,1950,6,0.0,1,0,3,3,4,4,97500
5,1486,2,480,1486,1486,1,1964,1999,7,0.0,0,637,3,3,4,0,167000
7,1935,2,550,793,1142,2,1976,1976,7,233.0,1,0,3,3,2,4,197900
8,2448,3,711,1629,1686,2,1994,2005,8,528.0,1,1361,2,2,2,0,402000
6,1392,2,576,1392,1392,1,1968,1968,5,216.0,2,0,3,3,1,2,110000
4,1181,2,588,1138,1181,2,1972,1972,6,0.0,0,920,3,3,2,4,137500
8,1936,2,504,1406,1454,2,2000,2000,7,40.0,1,0,2,2,2,0,230500
6,2380,2,596,1021,1465,2,1965,1979,7,113.0,1,187,3,3,2,4,129000
6,1679,2,575,1408,1679,2,1994,1998,7,258.0,1,1138,2,3,2,0,193500
5,1437,2,576,1188,1437,1,1956,1987,6,0.0,1,988,3,3,4,2,168000
4,1180,1,252,700,1180,1,1922,1950,5,0.0,1,0,1,3,1,0,137500
6,1476,2,540,738,738,2,2005,2005,7,0.0,0,193,2,2,2,0,173500
6,1369,1,300,672,697,2,1925,1950,6,0.0,0,551,3,3,4,4,103600
6,1208,2,546,1208,1208,1,1977,1977,6,0.0,1,767,3,2,2,4,165000
6,1839,2,416,1477,1839,2,1957,2004,7,106.0,2,1186,2,3,4,0,257500
6,1136,1,384,1136,1136,1,1965,1965,5,0.0,1,892,3,3,4,4,140000
6,1441,2,440,855,855,2,1978,1978,7,0.0,1,311,3,3,4,4,148500
4,1774,3,779,1095,1095,2,1900,1950,8,0.0,0,0,3,3,4,1,87000
5,792,1,240,768,792,1,1924,2006,5,0.0,0,0,2,2,4,0,109500
8,2046,3,834,2046,2046,2,2008,2008,7,464.0,1,0,2,2,0,0,372500
5,988,2,572,988,988,1,1961,1961,5,57.0,0,827,3,3,4,4,128500
6,923,1,264,923,923,2,1980,1980,5,0.0,1,543,3,3,2,4,143000
5,1520,1,281,793,848,1,1932,2000,6,0.0,0,182,3,3,4,0,159434
6,1291,2,431,1291,1291,1,1996,1997,6,0.0,1,1003,2,3,2,0,173000
9,1668,3,702,1626,1668,2,2002,2002,7,215.0,1,1059,2,2,2,0,285000
7,1839,2,486,1195,1195,2,1998,1998,7,30.0,0,0,3,2,2,2,221000
7,2090,2,577,1190,1190,2,1984,1984,6,0.0,1,828,2,2,2,2,207500
7,1761,2,578,874,874,3,2007,2007,7,0.0,0,0,2,2,2,0,227875
7,1102,2,480,551,551,2,2004,2004,4,0.0,0,239,2,2,2,0,148800
8,1419,2,567,1419,1419,2,2007,2007,7,0.0,1,945,2,2,2,0,392000
6,1362,2,460,1362,1362,2,2005,2006,6,256.0,1,20,2,2,2,0,194700
6,848,2,420,848,848,1,2004,2004,3,147.0,1,697,2,2,2,0,141000
7,2519,2,628,1210,1238,2,1989,1990,9,293.0,2,965,2,2,2,0,335000
5,1073,1,326,1073,1073,1,1921,1968,4,0.0,0,0,3,3,4,0,108480
5,1539,2,576,927,1067,1,1936,1950,5,0.0,0,0,3,3,4,4,141500
6,1137,2,551,1112,1137,2,1987,1987,5,72.0,1,980,2,3,2,2,176000
5,616,1,205,616,616,1,1921,1950,4,0.0,0,616,3,3,4,2,89000
5,1148,1,308,980,1148,1,1952,1952,6,0.0,0,210,3,3,0,1,123500
5,894,1,336,894,894,1,1965,2009,5,0.0,1,553,3,3,4,0,138500
7,1391,2,530,1391,1391,2,2004,2004,5,0.0,0,16,2,2,2,0,196000
8,1800,3,765,1800,1800,2,2002,2002,7,630.0,1,1274,2,2,0,0,312500
7,1164,2,528,1164,1164,1,1969,1969,6,168.0,0,0,3,3,4,4,140000
8,2576,3,666,1234,1264,2,2006,2006,10,466.0,1,0,0,0,0,0,361919
7,1484,2,606,1473,1484,2,2004,2005,7,109.0,0,712,2,2,2,0,213000
7,1824,2,739,1643,1824,2,1971,2002,5,351.0,2,1219,2,3,2,4,302000
8,1324,2,550,1324,1324,2,2006,2006,6,176.0,1,863,2,2,2,0,254000
7,1456,2,400,728,728,2,2007,2007,8,0.0,1,0,2,2,2,0,179540
5,904,1,408,876,904,1,1966,1966,6,41.0,0,0,3,3,4,4,109900
3,729,0,0,270,729,1,1935,2003,5,0.0,0,0,3,2,4,2,52000
4,1178,1,384,859,859,1,1900,1950,7,0.0,0,0,3,3,4,2,102776
8,1228,2,472,1228,1228,2,1988,1989,5,0.0,1,767,2,2,2,2,189000
4,960,2,576,960,960,1,1970,1970,6,160.0,0,789,3,3,4,4,129000
6,1479,2,475,725,725,2,1976,2005,6,289.0,0,533,2,2,4,0,130500
6,1350,2,478,1064,1350,2,1974,1974,7,174.0,1,0,3,3,2,4,165000
7,2554,2,704,718,1576,1,1890,1998,8,0.0,0,0,3,3,4,0,159500
5,1178,2,439,1176,1178,1,1973,2000,5,0.0,1,1084,2,3,2,2,157000
7,2418,3,983,1311,1325,2,1993,1994,9,651.0,1,1173,2,2,2,0,341000
5,971,1,300,971,971,1,1969,1969,5,0.0,1,523,3,3,2,4,128500
8,1742,2,564,1742,1742,2,1985,1985,5,0.0,1,1148,2,2,2,4,275000
6,848,2,420,848,848,1,2004,2004,3,169.0,0,662,2,2,2,0,143000
4,864,2,463,864,864,1,1970,1970,5,0.0,0,191,3,3,4,0,124500
4,1470,1,548,941,997,2,1954,1972,7,0.0,0,0,3,3,4,0,135000
9,1698,3,768,1698,1698,2,2007,2008,8,340.0,1,1234,0,0,0,0,320000
4,864,2,660,864,864,1,1970,1970,5,0.0,0,375,2,3,4,4,120500
6,1680,2,540,880,1680,2,1988,2007,5,260.0,1,808,2,2,2,0,222000
7,1232,2,632,1232,1232,2,2007,2007,6,82.0,0,724,2,2,2,0,194500
5,1776,3,888,1584,1776,2,1958,1958,9,95.0,0,0,3,3,4,4,110000
4,1208,2,539,780,848,1,1925,1950,5,0.0,0,152,3,3,4,4,103000
8,1616,2,608,1595,1616,2,1995,1996,5,0.0,1,1180,2,2,2,0,236500
7,1146,2,438,868,1146,2,2003,2003,6,442.0,1,786,2,2,0,0,187500
7,2031,2,541,1153,1153,2,1998,1999,8,202.0,1,252,2,2,2,0,222500
5,1144,1,264,864,1144,1,1961,1983,6,0.0,1,594,3,3,4,0,131400
5,948,1,300,948,948,1,1968,1968,6,0.0,0,0,3,3,4,4,108000
7,1768,2,320,880,880,1,1914,1970,6,0.0,2,390,3,3,2,1,163000
3,1040,2,400,0,1040,2,1950,1950,6,0.0,0,0,3,3,3,2,93500
8,1801,3,800,893,901,2,2005,2005,8,0.0,1,0,2,2,2,0,239900
5,1200,0,0,1200,1200,3,1987,1988,5,0.0,0,1200,3,3,2,4,179000
7,1728,2,572,864,864,2,2004,2004,7,0.0,0,0,2,2,2,0,190000
5,1432,2,360,264,768,2,1910,2002,7,0.0,0,0,3,3,1,0,132000
6,912,1,288,912,912,1,1961,1996,5,0.0,0,832,2,3,4,2,142000
7,1349,2,539,1349,1349,2,2000,2001,6,108.0,0,0,3,3,2,0,179000
5,1464,2,480,520,1464,2,1963,1999,6,0.0,1,444,3,3,2,0,175000
8,1337,2,462,1337,1337,2,1993,1993,5,0.0,1,733,2,2,2,2,180000
7,2256,2,554,952,980,2,2000,2000,8,0.0,1,300,2,2,2,0,236000
7,2640,4,864,1240,1320,1,1880,2003,8,0.0,1,0,2,2,4,4,265979
7,1720,2,527,1720,1720,2,1996,1996,7,338.0,1,919,2,2,2,0,260400
4,1529,1,240,0,1088,2,1945,1950,9,0.0,0,0,3,3,3,4,98000
4,1140,0,0,576,792,1,1910,2004,7,0.0,0,0,3,3,4,2,96500
7,1320,2,400,660,660,2,2003,2003,6,0.0,0,0,2,2,2,0,162000
6,1494,2,576,1479,1494,2,1997,1997,6,0.0,0,1200,2,3,2,0,217000
8,2098,3,878,1030,1038,2,2005,2005,8,178.0,1,0,0,2,2,2,275500
6,1026,2,440,1026,1026,1,1969,2005,5,0.0,0,439,2,3,4,2,156000
6,1471,2,440,729,742,2,1999,1999,6,894.0,0,381,3,3,2,2,172500
8,1768,2,578,866,866,2,2007,2007,7,0.0,0,20,2,2,2,0,212000
6,1386,2,440,672,672,2,1978,1978,6,328.0,1,438,3,3,4,4,158900
7,1501,2,440,744,757,2,1999,1999,6,360.0,0,549,3,3,2,2,179400
8,2531,3,752,1318,1328,2,1995,1995,9,513.0,1,56,2,2,2,0,290000
6,864,1,300,864,864,1,1959,1959,5,0.0,0,612,3,3,4,0,127500
5,1301,2,440,1145,1301,1,1924,1950,5,0.0,0,405,1,3,4,4,100000
7,1547,2,614,756,764,2,2009,2009,7,0.0,0,24,2,3,2,0,215200
8,2365,3,856,1252,1268,2,1999,1999,8,673.0,1,1163,2,2,2,0,337000
8,1494,2,481,1494,1494,1,1995,1996,6,0.0,1,437,0,2,2,0,270000
9,1506,2,592,1498,1506,2,2008,2008,6,284.0,1,0,0,2,2,0,264132
7,1714,2,496,980,980,2,1988,1988,7,42.0,1,394,3,3,2,4,196500
6,1750,1,423,983,983,2,1940,1985,7,0.0,0,660,3,3,2,0,160000
7,1836,2,484,1860,1836,2,2004,2005,8,0.0,1,24,2,2,2,0,216837
5,858,2,576,858,858,1,1982,1982,5,0.0,0,685,3,3,2,4,134900
4,1220,2,396,836,1220,1,1951,1951,6,0.0,0,836,3,3,1,4,102000
6,1117,2,672,1029,1117,1,1976,1976,6,0.0,1,422,3,3,4,4,107000
5,912,1,275,912,912,1,1958,1958,5,1.0,0,456,3,3,4,0,114500
8,1973,3,895,1935,1973,2,2006,2006,9,375.0,1,0,2,2,2,2,395000
6,1204,2,412,1204,1204,2,1998,1998,5,320.0,0,866,3,3,0,0,162000
7,1614,3,865,1614,1614,2,2005,2006,7,240.0,0,20,2,2,2,0,221500
5,894,2,440,864,894,1,1974,1974,5,0.0,1,762,3,3,4,4,142500
5,2020,2,630,0,2020,2,1977,1977,10,320.0,2,0,3,3,3,4,144000
6,1004,2,504,975,1004,1,1977,1977,4,90.0,0,975,3,3,2,4,135000
7,1253,2,402,1237,1253,2,1995,1996,6,38.0,1,0,3,3,2,2,176000
6,1603,2,484,761,810,2,1992,1992,7,0.0,0,387,2,2,2,0,175900
7,1430,2,605,1413,1430,2,2001,2002,6,0.0,0,0,2,2,2,0,187100
5,1110,2,602,1097,1110,1,1978,1978,4,104.0,1,1097,2,3,2,0,165500
6,1484,0,0,742,742,2,1914,2001,9,0.0,1,0,3,3,4,0,128000
6,1342,2,457,1372,1342,2,1967,1967,7,0.0,1,251,3,3,4,4,161500
5,1652,1,416,686,966,2,1915,1950,7,0.0,0,686,3,3,1,4,139000
7,2084,2,618,956,956,2,2004,2004,8,0.0,0,656,2,2,2,0,233000
4,901,1,281,901,901,1,1954,2000,4,0.0,0,0,3,3,4,0,107900
6,2087,2,444,832,976,2,1966,2007,9,157.0,0,568,2,3,4,2,187500
7,1145,2,397,1145,1145,2,2005,2006,5,11.0,1,16,2,2,2,0,160200
6,1062,2,539,1029,1062,1,1976,1976,5,0.0,2,539,3,3,2,4,146800
7,2013,2,455,1117,1127,2,1996,1997,8,0.0,1,862,3,2,2,0,269790
8,1496,2,474,1496,1496,2,2007,2007,7,140.0,0,0,2,2,2,0,225000
7,1895,2,409,712,1086,2,1994,1996,7,0.0,1,0,2,2,2,0,194500
6,1564,2,476,650,888,2,1980,1981,7,130.0,1,0,3,3,2,4,171000
6,1285,2,528,660,1285,1,1977,1977,7,148.0,1,0,3,3,4,0,143500
5,773,1,240,773,773,1,1953,1953,4,0.0,0,570,3,3,4,2,110000
9,3140,3,820,1926,1966,3,2008,2009,11,860.0,2,0,0,0,0,0,485000
5,1768,1,240,731,981,1,1937,1950,7,252.0,2,569,2,3,2,0,175000
6,1688,2,603,616,616,2,1997,1997,8,0.0,0,462,2,3,2,2,200000
4,1196,2,440,1196,1196,1,1916,1990,5,0.0,0,197,3,3,4,0,109900
7,1456,2,410,728,728,2,2005,2005,7,0.0,1,648,2,2,2,0,189000
5,1128,1,286,936,1128,1,1954,1954,5,0.0,0,812,3,3,4,4,118000
7,1428,2,554,1417,1428,2,2008,2008,6,256.0,0,0,0,2,2,0,227680
5,980,1,384,980,980,2,1967,1967,6,0.0,0,400,3,3,4,2,135500
5,1576,2,528,1324,1072,1,1923,2004,6,0.0,1,1309,2,3,4,0,223500
5,1086,2,484,1024,1086,1,1966,1966,6,1047.0,1,516,3,3,4,4,159950
5,2138,2,360,849,1075,2,1898,1965,11,0.0,0,0,3,3,4,4,106000
6,1309,2,484,1040,1309,1,1974,1999,5,99.0,1,663,2,3,4,1,181000
6,848,2,420,848,848,1,2004,2004,4,169.0,1,662,2,2,2,0,144500
5,1044,2,504,540,1044,1,1952,1952,4,0.0,0,0,1,1,4,4,55993
6,1442,1,301,1442,1442,1,1958,1958,7,243.0,0,608,3,3,4,2,157900
5,1250,1,280,686,686,1,1918,1950,7,0.0,0,0,1,3,4,2,116000
7,1661,2,598,1649,1661,2,1998,1998,6,442.0,0,0,2,3,2,0,224900
5,1008,1,275,1008,1008,1,1954,1954,4,0.0,1,486,3,3,4,2,137000
8,1689,3,857,1568,1689,2,2002,2002,7,148.0,2,1218,2,2,2,0,271000
6,1052,2,440,1010,1052,1,1971,1971,6,80.0,0,504,3,3,4,2,155000
7,1358,2,484,1358,1358,2,2009,2010,6,128.0,1,733,2,2,2,0,224000
7,1640,2,595,798,798,2,2003,2003,6,0.0,0,0,2,2,2,0,183000
4,936,2,576,936,936,1,1953,1953,4,0.0,0,0,3,1,1,4,93000
7,1733,2,433,847,847,2,2003,2003,7,0.0,1,0,2,2,2,0,225000
6,1489,1,240,778,944,2,1940,1950,7,0.0,1,0,3,3,4,4,139500
8,1489,2,776,1489,1489,2,2006,2006,7,0.0,1,0,2,2,2,0,232600
10,2084,3,1220,2078,2084,2,2007,2008,7,816.0,1,1636,0,0,0,0,385000
5,784,0,0,784,784,1,1924,1950,5,0.0,0,784,2,3,4,2,109500
7,1434,2,527,1454,1434,2,2001,2001,6,0.0,1,20,2,2,2,0,189000
7,1223,2,480,600,520,2,2005,2005,4,0.0,0,0,2,2,2,0,147400
6,1392,2,458,1392,1392,1,1957,1957,6,387.0,2,1040,3,3,4,4,166000
7,1200,2,480,600,520,2,2005,2005,4,0.0,0,0,2,3,2,0,151000
7,1829,2,613,941,941,2,2003,2003,7,223.0,1,483,2,2,2,0,237000
6,1516,2,472,1516,1516,1,1964,1964,6,180.0,0,196,3,3,4,4,167000
5,1144,2,456,1144,1144,1,1961,1961,6,136.0,0,572,3,3,4,2,139950
4,1067,2,436,1067,1067,2,1950,1995,4,0.0,0,442,2,3,2,4,128000
5,1559,2,812,1559,1559,1,1948,1973,5,0.0,0,338,3,3,4,2,153500
6,987,1,264,483,483,1,1973,1973,5,158.0,0,330,3,3,4,4,100000
5,1099,1,352,1099,1099,1,1995,2006,6,0.0,0,0,2,3,2,0,144000
5,1200,1,240,768,768,1,1946,1995,6,0.0,0,352,3,3,4,0,130500
6,1482,1,400,672,810,2,1925,1950,7,0.0,0,156,1,3,4,4,140000
5,1539,2,686,650,958,2,1904,2002,8,0.0,1,0,2,3,4,2,157500
6,1165,2,490,1127,1165,1,1966,1966,6,183.0,0,312,3,3,4,4,174900
5,1800,0,0,1800,1800,2,1961,1961,10,0.0,0,0,3,3,4,0,141000
5,1416,3,720,876,876,1,1915,1950,7,0.0,1,0,3,3,4,2,153900
5,1701,2,611,1390,1701,2,1975,1981,6,0.0,2,1390,3,3,2,4,171000
7,1775,2,425,740,1006,2,1993,1993,7,137.0,1,513,2,2,2,0,213000
5,864,1,338,864,864,1,1972,1972,5,0.0,1,460,3,3,4,0,133500
6,1855,2,512,528,1094,2,1976,1994,7,360.0,1,0,3,2,4,0,187000
6,848,2,420,848,848,1,2003,2003,3,170.0,0,659,2,2,2,0,131500
8,1456,2,400,1273,1456,2,2003,2003,7,40.0,1,0,2,2,2,0,215000
7,1646,1,240,918,918,2,1941,1950,7,0.0,2,364,3,3,4,2,164000
6,1445,2,645,1127,1445,1,1964,1964,7,115.0,1,564,3,3,4,4,158000
5,1040,1,260,1040,1040,1,1962,2010,6,0.0,0,659,3,3,4,0,127000
6,1026,2,576,940,1026,1,1978,1978,5,0.0,0,505,3,3,2,4,147000
6,1481,2,343,702,702,2,1994,1995,6,0.0,1,0,3,3,2,2,174000
7,1370,2,479,1090,1370,2,1976,1976,6,189.0,1,0,3,3,2,4,152000
6,2654,2,619,1054,1512,2,1968,1984,9,220.0,1,619,2,3,4,4,250000
7,1426,1,216,912,912,1,1918,1998,7,0.0,1,0,2,2,4,2,189950
5,1039,2,504,1039,1039,1,1965,1965,6,0.0,0,841,3,3,4,0,131500
6,1097,2,480,1040,1097,2,1984,1985,6,0.0,0,338,3,3,2,4,152000
5,1148,1,672,1148,1148,1,1959,1959,6,0.0,0,1148,3,3,4,4,132500
7,1372,2,529,1372,1372,2,2007,2008,6,0.0,0,0,2,2,0,0,250580
5,1002,2,902,1002,1002,1,1970,1970,5,76.0,0,828,3,3,4,4,148500
8,1646,3,870,1638,1646,2,2006,2007,6,274.0,1,0,2,2,2,0,248900
4,1120,2,544,1040,1120,1,1961,1961,5,0.0,0,932,1,3,4,4,129000
5,2320,2,672,0,1547,2,1948,1950,7,0.0,1,0,3,3,3,2,169000
7,1949,2,574,1050,1062,2,1993,1994,8,246.0,1,750,2,2,2,0,236000
5,894,1,308,894,894,1,1962,1962,5,0.0,0,0,3,3,4,2,109500
6,1682,2,523,804,804,2,1998,1998,7,116.0,0,505,2,3,2,0,200500
5,910,2,414,105,910,1,1953,1996,5,0.0,0,0,2,2,4,2,116000
5,1268,1,288,832,1036,1,1949,1950,6,0.0,1,375,3,2,4,2,133000
5,1131,1,200,676,676,1,1941,1950,5,0.0,0,0,3,3,4,0,66500
8,2610,2,550,1184,1184,2,2007,2007,11,0.0,1,64,0,2,2,0,303477
4,1040,2,648,1064,1040,1,1963,1963,5,0.0,0,633,3,3,4,2,132250
9,2224,3,738,1462,1462,2,2004,2005,10,216.0,1,1170,0,2,0,0,350000
5,1155,2,576,1109,1155,1,1961,1995,6,0.0,0,899,2,3,4,4,148000
5,864,1,336,864,864,1,1978,2005,6,90.0,0,646,3,2,4,0,136500
5,1090,2,450,1090,1090,1,2005,2006,5,0.0,0,980,3,3,0,2,157000
7,1717,2,400,1156,1187,2,1990,1991,7,117.0,1,902,2,2,2,0,187500
6,1593,2,389,808,808,2,1992,1993,7,0.0,1,0,3,3,2,2,178000
4,2230,1,440,795,954,1,1912,1950,10,0.0,0,0,3,2,4,4,118500
5,892,1,288,892,892,1,1967,1967,5,60.0,0,432,3,3,4,4,100000
9,1709,2,506,1698,1709,2,1999,2000,5,60.0,1,1238,2,2,0,0,328900
5,1712,2,588,1626,1712,2,1959,2005,8,122.0,0,528,3,3,4,0,145000
5,1393,1,300,816,872,1,1955,1955,8,0.0,0,0,3,3,4,4,135500
6,1505,2,505,1505,1505,1,1953,1953,6,90.0,1,1024,3,3,4,0,149500
5,924,2,576,672,672,1,1949,2006,6,0.0,1,0,3,3,4,0,122900
6,1683,2,440,918,918,2,1978,1978,7,92.0,1,226,3,3,4,2,172500
6,1068,1,264,1059,1068,1,1963,2003,6,0.0,0,663,3,3,4,4,154500
5,1383,1,354,1383,1383,1,1954,1954,6,0.0,1,1064,3,3,2,4,165000
5,1535,2,400,0,1535,2,1979,1979,8,0.0,0,0,3,3,3,4,118858
6,1796,2,483,780,983,1,1963,1963,8,415.0,1,400,3,3,4,4,140000
4,951,1,327,951,951,1,1936,1950,6,0.0,0,285,3,3,4,0,106500
5,1236,1,288,912,1236,1,1961,1994,6,0.0,1,465,3,3,4,4,135000
4,858,1,684,858,858,1,1971,1971,4,0.0,0,322,3,3,4,4,110000
5,1306,1,756,992,1306,1,1957,2000,5,0.0,0,860,3,3,4,4,153000
7,1509,2,393,783,807,2,2003,2003,8,0.0,1,0,2,2,2,0,180000
7,1670,3,690,1670,1670,2,2006,2006,7,27.0,1,0,2,2,2,0,240000
5,902,1,288,876,902,1,1967,1967,6,75.0,0,599,3,3,4,4,125500
5,1063,1,280,1056,1063,1,1954,1954,6,110.0,0,354,3,3,4,4,128000
8,1636,3,865,1623,1636,2,2006,2006,8,208.0,1,63,2,2,2,0,255000
7,2057,1,180,1017,1020,1,1936,1987,6,0.0,1,223,2,2,2,2,250000
5,902,2,484,864,902,1,1983,1983,5,0.0,0,301,3,3,2,4,131000
6,1484,2,390,742,742,2,2005,2005,8,0.0,1,0,2,2,2,0,174000
5,2274,2,480,1105,1105,2,1960,1960,12,361.0,0,443,3,3,4,4,154300
5,1268,1,252,1268,1268,1,1977,1989,5,0.0,0,196,2,3,2,4,143500
5,1015,1,450,768,1015,1,1925,1950,6,0.0,0,489,3,3,4,4,88000
5,2002,3,871,1001,1001,2,1949,1950,8,0.0,0,284,3,3,4,4,145000
6,1224,2,528,612,612,2,2009,2009,4,76.0,0,294,2,2,2,0,173733
4,1092,1,286,546,546,1,1970,1970,6,80.0,0,0,3,3,4,1,75000
2,480,1,308,480,480,0,1949,1950,4,0.0,0,50,3,3,4,4,35311
4,1229,1,284,1134,1229,1,1956,1956,6,0.0,0,1059,3,3,4,0,135000
7,2127,3,833,1104,912,2,1991,1991,8,0.0,1,48,2,2,0,0,238000
6,1414,2,601,1184,1414,1,1958,2002,6,0.0,1,528,3,0,2,0,176500
6,1721,2,471,928,936,2,1994,1994,7,105.0,0,814,2,2,2,0,201000
5,2200,0,0,1272,1272,2,1900,2003,9,0.0,0,1084,3,3,4,2,145900
6,1316,2,397,1316,1316,2,2005,2006,6,0.0,1,28,2,2,2,0,169990
6,1617,2,533,1604,1617,2,1993,1994,5,0.0,1,165,2,2,2,0,193000
6,1686,2,612,1686,1686,2,1980,1980,7,157.0,1,625,3,3,2,4,207500
5,1126,2,540,1126,1126,2,1977,1977,6,0.0,0,767,0,3,2,4,175000
8,2374,3,656,1181,1234,2,2003,2004,10,340.0,1,0,0,2,2,0,285000
7,1978,2,486,832,1098,2,1968,1968,9,342.0,1,552,3,3,4,2,176000
8,1788,2,522,1753,1788,2,2001,2001,7,0.0,1,0,0,2,2,0,236500
7,2236,2,642,964,993,2,1997,1997,8,285.0,1,0,2,3,2,2,222000
8,1466,3,610,1466,1466,2,2007,2007,7,0.0,0,16,2,2,2,0,201000
5,925,1,429,925,925,1,1965,1965,5,0.0,0,338,3,3,4,0,117500
9,1905,3,788,1905,1905,2,2006,2006,8,302.0,1,0,0,0,0,0,320000
7,1500,2,570,1500,1500,2,2004,2004,6,210.0,0,20,2,2,2,0,190000
7,2069,2,505,585,2069,2,1960,2007,9,0.0,1,425,2,3,2,0,242000
4,747,2,528,600,747,1,1926,1953,5,108.0,0,0,3,3,1,2,79900
7,1200,2,555,1176,1200,2,2003,2003,5,0.0,0,833,2,2,2,0,184900
7,1971,2,689,1113,1113,2,2005,2005,8,0.0,1,341,2,2,2,0,253000
7,1962,3,868,1391,1391,2,2006,2006,7,0.0,0,464,2,2,2,0,239799
7,2403,1,349,1032,1207,2,1940,1950,10,0.0,2,0,3,3,4,0,244400
6,1728,2,574,1728,1728,2,1976,1976,8,0.0,0,936,3,3,4,4,150900
7,2060,2,390,992,1022,2,1999,1999,8,298.0,1,772,2,2,2,0,214000
4,1440,0,0,1440,1440,2,1977,1977,8,0.0,0,1440,3,3,2,4,150000
5,1632,2,576,1632,1632,2,1967,1967,8,0.0,0,0,3,3,4,4,143000
6,1344,2,525,819,1344,1,1958,1958,7,541.0,1,111,2,3,4,2,137500
5,1869,2,456,1088,1188,1,1890,1996,7,0.0,0,1088,3,3,4,4,124900
5,1144,1,796,1144,1144,1,1959,1959,6,128.0,1,748,3,3,4,4,143000
8,1629,3,808,1616,1629,2,2002,2003,9,236.0,1,1300,2,2,2,0,270000
7,1776,2,474,936,936,2,2002,2002,7,144.0,1,0,2,2,2,0,192500
6,1381,2,676,1161,1381,1,1972,2006,5,0.0,1,982,2,3,4,4,197500
5,864,2,720,864,864,1,1950,2002,5,0.0,0,398,2,3,4,2,129000
5,965,1,300,828,965,1,1965,1965,6,0.0,0,641,3,3,4,2,119900
5,768,1,396,768,768,1,1972,2003,5,0.0,0,660,3,3,2,2,133900
6,980,0,0,945,980,2,1975,1975,4,250.0,0,945,3,3,2,4,127500
6,1958,2,492,979,979,2,1946,1950,8,423.0,0,484,3,3,2,4,145000
6,1229,2,462,561,561,1,1980,1980,5,0.0,1,285,3,3,2,4,124000
5,1057,2,576,1057,1057,1,1962,1962,6,0.0,0,417,3,3,4,4,132000
7,1337,2,531,1337,1337,2,2003,2003,6,0.0,0,699,2,2,2,0,185000
7,1416,2,484,696,696,2,1999,1999,6,0.0,0,604,2,2,2,0,155000
5,858,0,0,858,858,1,1958,2008,4,0.0,0,696,3,3,4,2,116500
6,1548,2,440,804,804,2,1976,1976,7,0.0,1,556,2,3,2,4,155000
9,1800,2,702,1800,1800,2,2007,2007,7,0.0,0,0,0,2,0,0,239000
7,1894,2,510,817,824,2,2002,2003,8,44.0,1,624,2,2,2,0,214900
6,1484,2,393,783,783,2,2005,2007,8,0.0,1,0,2,2,2,0,178900
5,1308,1,256,728,976,1,1940,1950,7,0.0,2,428,3,2,4,0,160000
5,1098,1,260,1098,1098,1,1955,1955,6,151.0,0,902,3,3,4,4,135000
3,968,0,0,600,600,1,1910,1950,6,0.0,0,0,3,3,4,1,37900
6,1095,1,264,588,1095,1,1958,1958,6,105.0,0,513,3,3,4,4,140000
4,1192,0,0,720,720,1,1949,1950,6,0.0,0,0,3,3,4,4,135000
7,1626,2,474,764,764,2,2003,2004,6,106.0,0,567,2,2,2,0,173000
6,918,1,264,918,918,2,1979,1979,5,0.0,1,0,3,3,2,4,99500
7,1428,2,480,1428,1428,2,2007,2008,6,0.0,0,0,2,2,2,0,182000
7,2019,2,532,728,1136,1,1910,1993,8,0.0,0,0,2,3,2,4,167500
7,1382,2,490,673,673,2,2000,2000,6,0.0,0,641,2,2,2,0,165000
4,869,0,0,440,869,1,1923,1958,4,0.0,0,0,1,3,2,4,85500
7,1241,2,569,1241,1241,1,2006,2007,4,0.0,0,1106,2,2,2,0,199900
4,894,2,400,894,894,1,1954,1954,5,0.0,0,552,3,3,4,0,110000
5,1121,2,480,1121,1121,1,1963,1963,5,0.0,0,651,3,3,4,4,139000
7,999,2,588,944,999,1,1961,2007,6,210.0,0,867,0,0,4,2,178400
8,2612,3,676,1225,1276,2,1998,1999,8,975.0,1,854,2,2,2,0,336000
7,1266,2,388,1266,1266,2,2007,2007,6,16.0,1,0,2,2,2,0,159895
8,2290,2,779,1128,1149,2,2002,2002,9,0.0,1,0,2,2,2,0,255900
5,1734,2,539,0,1302,2,1977,1977,8,0.0,0,0,2,3,3,4,126000
5,1164,1,240,1164,1164,1,1950,1950,5,0.0,0,1040,3,3,4,4,125000
6,1635,1,255,485,1001,1,1910,2003,5,0.0,0,0,2,3,4,2,117000
9,1940,3,606,1930,1940,2,2009,2010,8,450.0,1,1646,0,0,0,0,395192
6,2030,2,551,848,1118,2,1976,1976,8,298.0,1,156,2,3,4,4,195000
7,1576,2,614,770,778,2,2006,2006,6,0.0,0,0,2,2,2,0,197000
8,2392,3,870,1396,1407,2,1997,1998,7,423.0,1,1074,2,2,2,0,348000
8,1742,2,424,916,916,1,1882,1986,8,0.0,1,216,2,2,4,2,168000
6,1851,2,440,822,1020,2,1964,1993,7,340.0,1,536,2,3,4,2,187000
6,1500,2,564,750,750,2,2005,2006,6,0.0,0,0,2,3,2,0,173900
10,1718,3,786,1700,1718,2,2006,2007,7,230.0,1,1172,0,0,0,0,337500
4,1230,1,305,747,774,1,1946,1950,5,0.0,0,384,3,3,4,4,121600
5,1050,1,368,1050,1050,1,1961,1961,6,0.0,0,915,3,3,4,4,136500
6,1442,2,615,1442,1442,2,1970,1970,6,571.0,1,0,3,3,4,4,185000
3,1077,1,210,1007,1077,1,1922,1950,6,0.0,1,0,3,3,4,1,91000
7,1208,2,632,1187,1208,2,2006,2006,6,24.0,0,686,2,2,2,0,206000
3,944,2,528,0,944,1,1952,1952,4,0.0,0,0,1,3,3,1,82000
5,691,1,216,691,691,1,1920,1950,4,0.0,0,0,0,3,1,0,86000
8,1574,3,824,1574,1574,2,2006,2006,7,53.0,1,24,2,2,2,0,232000
5,1680,2,528,1680,1680,2,1976,1976,8,164.0,0,0,3,3,4,1,136905
7,1504,2,457,1346,1504,2,2005,2006,7,16.0,1,16,2,2,2,0,181000
5,985,1,328,985,985,2,1977,1977,6,220.0,0,595,3,2,2,4,149900
6,1657,2,484,1657,1657,2,1970,1970,7,0.0,1,1237,3,3,2,2,163500
4,1092,1,286,546,546,1,1970,1970,6,0.0,0,273,3,3,4,4,88000
7,1710,2,550,1710,1710,2,2004,2005,7,108.0,1,0,2,2,0,0,240000
5,1522,0,0,1008,1008,2,1926,1950,7,0.0,0,0,3,3,4,0,102000
5,1271,1,312,720,720,2,1948,1950,7,0.0,1,0,3,3,4,4,135000
5,1664,0,0,0,1664,2,1965,1965,8,0.0,0,0,3,3,3,4,100000
6,1502,1,180,602,900,1,1923,1996,7,0.0,2,0,2,3,4,4,165000
5,1022,1,280,1022,1022,1,1910,2006,4,0.0,0,247,3,3,4,4,85000
6,1082,1,240,1082,1082,1,1948,1950,5,206.0,1,336,3,3,4,4,119200
8,1665,2,528,810,810,2,2001,2001,6,0.0,0,643,2,2,2,0,227000
7,1504,2,478,1504,1504,2,1996,1996,6,196.0,1,690,2,2,2,0,203000
8,1360,2,565,1220,1360,1,1984,1984,4,0.0,1,1036,2,2,2,2,187500
7,1472,2,402,384,802,2,1991,1992,7,76.0,1,0,2,2,2,2,160000
7,1506,2,440,1362,1506,2,2005,2005,6,145.0,1,16,2,2,2,0,213490
4,1132,2,451,1132,1132,1,2005,2005,5,0.0,0,1024,2,3,2,0,176000
7,1220,2,632,1199,1220,2,2006,2006,6,84.0,0,684,2,2,2,0,194000
5,1248,1,160,912,912,1,1930,1950,6,0.0,0,324,3,3,4,2,87000
7,1504,2,437,1346,1504,2,2005,2006,7,14.0,1,16,2,2,2,0,191000
5,882,2,461,882,882,1,1972,1972,5,0.0,0,138,3,3,4,4,112500
5,1264,2,461,1268,1264,1,1960,1960,6,324.0,2,697,3,3,4,4,167500
8,1646,3,800,1638,1646,2,2007,2008,7,338.0,1,1513,2,2,2,0,293077
5,1376,1,240,768,968,1,1941,1950,6,0.0,1,368,3,3,4,4,105000
6,1218,1,264,672,672,1,1972,1972,7,281.0,0,317,3,3,4,2,118000
8,2520,3,796,1338,1352,2,1993,1993,10,0.0,1,1012,2,2,2,0,310000
7,1654,3,900,1654,1654,2,2002,2002,6,295.0,0,986,2,2,2,0,230000
5,954,1,240,920,954,1,1938,1950,5,0.0,1,0,1,3,1,0,119750
4,845,1,290,0,845,1,1957,1957,5,0.0,0,0,3,3,3,0,84000
9,1620,3,912,1620,1620,2,2007,2008,6,70.0,1,1022,0,2,0,0,315500
8,2263,2,905,1055,1055,2,2001,2002,7,396.0,1,0,2,2,2,0,287000
4,1344,0,0,546,798,1,1970,2008,6,0.0,1,0,3,3,4,4,97000
4,630,1,286,630,630,1,1970,1970,3,0.0,0,509,3,3,2,4,80000
5,1803,2,484,1134,1803,2,1957,2000,8,67.0,1,168,3,3,4,0,155000
6,1632,2,484,800,800,1,1966,2000,7,252.0,0,400,2,3,4,2,173000
6,1306,2,624,1306,1306,2,2005,2005,5,135.0,1,900,2,2,2,0,196000
7,2329,2,514,1475,1532,2,1990,1990,10,99.0,1,1085,2,3,2,0,262280
8,2524,2,542,2524,2524,2,1981,1981,9,0.0,1,1104,2,2,2,4,278000
3,1733,2,452,0,1733,2,1955,1955,8,0.0,1,0,3,3,3,0,139600
9,2868,3,716,1992,1992,3,2005,2006,11,208.0,1,240,0,2,0,0,556581
5,990,2,672,990,990,1,1994,1995,5,0.0,0,686,3,3,2,0,145000
5,1771,2,336,0,1771,1,1960,2006,9,75.0,1,0,3,3,3,4,115000
4,930,1,308,0,930,1,1946,2006,6,0.0,0,0,2,3,3,0,84900
7,1302,2,436,1302,1302,2,2007,2007,6,0.0,0,0,2,2,2,0,176485
7,1316,2,440,1316,1316,2,2007,2007,6,0.0,1,0,2,2,2,0,200141
6,1977,2,540,816,1127,1,1964,1978,9,272.0,1,442,3,3,4,4,165000
5,1526,1,364,1216,1526,1,1957,2002,7,145.0,1,383,3,3,4,0,144500
8,1989,2,586,1065,1091,2,2002,2002,7,210.0,1,932,2,2,2,0,255000
6,1523,2,478,1193,1523,2,1976,1976,7,160.0,1,644,3,3,2,4,180000
7,1364,2,484,1364,1364,2,2005,2005,6,240.0,1,659,2,2,2,0,185850
7,1850,2,467,973,979,2,1994,1994,7,0.0,1,595,2,2,2,0,248000
9,2184,3,836,1104,1130,2,2008,2008,10,154.0,1,936,0,0,0,0,335000
6,1991,2,432,854,1096,1,1932,1950,7,480.0,1,297,3,3,4,4,220000
8,1338,2,582,1338,1338,2,2001,2001,6,0.0,0,616,2,2,2,0,213500
3,894,3,1248,894,894,1,1935,1950,6,0.0,0,0,3,1,4,4,81000
5,2337,2,560,662,1422,2,1900,1950,10,0.0,0,0,3,3,4,4,90000
6,1103,2,440,1103,1103,1,1925,1980,5,0.0,1,397,2,3,4,2,110500
5,1154,2,480,1154,1154,1,1966,1966,6,200.0,1,740,3,3,4,0,154000
7,2260,2,533,1306,1306,2,1996,1997,7,0.0,0,1201,2,2,0,0,328000
6,1571,2,380,799,799,2,1993,1994,7,0.0,1,0,3,2,2,2,178000
6,1611,2,442,780,798,1,1964,1964,7,360.0,0,674,3,3,4,4,167900
6,2521,2,576,942,1291,2,1973,1973,10,0.0,1,837,3,3,2,2,151400
5,893,2,576,845,893,1,1949,2003,4,0.0,0,220,2,3,4,4,135000
5,1048,1,286,1048,1048,1,1956,1956,6,120.0,0,586,3,3,4,4,135000
6,1556,2,441,727,829,1,1968,1968,8,0.0,0,298,3,3,4,0,154000
5,1456,1,280,810,1002,1,1948,1950,7,0.0,1,0,3,3,1,1,91500
6,1426,2,440,690,698,1,1977,1977,6,140.0,0,535,3,3,4,4,159500
7,1240,3,826,1240,1240,2,2006,2006,5,0.0,0,0,2,2,2,0,194000
7,1740,1,240,800,960,1,1940,1984,6,0.0,2,410,3,3,4,4,219500
5,1096,1,299,1096,1096,1,1969,1969,6,0.0,0,75,3,3,4,0,138800
6,848,2,420,848,848,1,2004,2004,3,169.0,1,662,2,2,2,0,155900
5,990,1,299,990,990,1,1994,1994,5,0.0,0,495,3,3,2,2,126000
6,1258,2,528,1258,1258,2,1971,2004,5,144.0,0,656,2,2,4,0,145000
5,1040,1,308,1040,1040,1,1963,1963,5,0.0,0,824,3,3,4,1,133000
7,1459,2,527,1459,1459,2,2002,2002,6,100.0,1,0,2,2,2,0,192000
6,1251,1,461,1251,1251,1,1964,1964,6,425.0,2,553,3,3,4,4,160000
6,1498,2,409,691,691,2,1995,1996,6,0.0,1,592,3,3,2,2,187500
6,996,2,564,936,996,1,1992,1992,5,0.0,0,747,2,3,2,0,147000
4,1092,1,286,546,546,1,1973,1973,6,0.0,0,334,3,3,4,4,83500
8,1953,3,1043,1082,1082,2,2005,2006,9,0.0,1,0,2,2,2,0,252000
7,1709,2,380,970,970,2,2004,2004,7,50.0,0,0,2,2,2,0,137500
8,1247,2,550,1247,1247,1,2005,2005,4,0.0,1,1039,2,2,2,0,197000
3,1040,2,400,0,1040,2,1950,1950,6,0.0,0,0,3,3,3,1,92900
7,1252,2,462,600,624,2,1999,2000,4,212.0,0,510,2,2,2,0,160000
6,1694,2,576,1181,1390,2,1925,1950,7,0.0,1,423,3,3,4,1,136500
5,1200,2,884,864,1200,1,1965,1998,6,166.0,0,661,2,3,4,2,146000
5,936,1,308,936,936,1,1956,2000,4,0.0,0,248,3,3,4,0,129000
6,1314,2,440,1314,1314,2,2006,2006,6,0.0,1,24,2,2,2,2,176432
6,1355,0,0,684,773,1,1914,2006,7,0.0,0,0,2,3,4,4,127000
8,1088,2,461,1074,1088,1,1986,1986,5,0.0,0,0,2,2,2,0,170000
4,1324,1,240,672,757,1,1936,1950,6,0.0,0,672,3,3,4,4,128000
7,1601,2,478,1271,1601,2,1978,1978,7,206.0,1,704,3,3,2,4,157000
2,438,1,246,290,438,1,1920,1950,3,0.0,0,290,1,3,4,4,60000
5,950,1,280,950,950,1,1971,1971,5,0.0,0,412,3,3,4,4,119500
5,1134,1,254,1010,1134,1,1960,2002,6,45.0,0,588,3,3,4,0,135000
6,1194,2,539,655,1194,1,1959,1959,6,0.0,1,655,3,3,4,0,159500
5,1302,2,440,630,630,2,1970,1970,6,304.0,0,0,3,3,4,4,106000
8,2622,2,712,1463,1500,2,1994,1995,9,362.0,2,1032,2,2,0,0,325000
7,1442,2,719,910,1442,2,1990,1991,6,0.0,1,738,2,2,2,2,179900
7,2021,2,422,868,887,2,2006,2006,9,0.0,1,0,2,2,0,0,274725
6,1690,2,463,924,948,2,2000,2000,7,0.0,1,0,3,3,2,0,181000
8,1836,3,862,1836,1836,2,2004,2005,7,42.0,1,1039,2,2,0,0,280000
6,1658,2,431,773,773,2,1995,1996,8,0.0,1,219,3,3,2,2,188000
7,1964,2,483,803,1098,2,1976,1976,8,660.0,1,403,3,3,4,4,205000
5,816,1,308,816,816,1,1957,1957,5,0.0,0,708,3,3,4,4,129900
5,1008,1,240,1008,1008,1,1953,2006,6,0.0,0,643,2,3,4,2,134500
5,833,1,326,833,833,1,1954,2000,4,0.0,0,415,2,3,4,0,117000
8,1734,3,928,1734,1734,2,2007,2007,7,328.0,1,1004,0,2,0,0,318000
8,1419,2,527,408,779,2,2002,2002,7,0.0,1,353,2,2,2,0,184100
5,894,2,450,894,894,1,1967,2003,5,0.0,0,702,2,3,4,0,130000
5,1601,1,300,533,1021,1,1958,1987,6,0.0,0,0,3,3,4,4,140000
5,1040,1,286,1040,1040,1,1959,1959,6,0.0,0,369,3,3,4,4,133700
6,1012,1,308,1012,1012,1,1920,1950,6,0.0,1,0,3,3,4,4,118400
7,1552,3,782,1552,1552,2,2005,2006,7,196.0,0,24,2,2,2,0,212900
4,960,1,288,672,960,1,1956,1956,5,0.0,0,0,3,3,4,0,112000
5,698,0,0,698,698,1,1947,2008,4,0.0,0,0,3,3,4,0,118000
7,1482,2,392,384,812,2,1992,1992,7,170.0,1,0,2,3,2,2,163900
4,1005,2,672,1005,1005,1,1955,1955,5,0.0,1,0,1,3,4,4,115000
7,1555,3,660,1373,1555,2,2007,2007,7,130.0,1,0,2,2,2,0,174000
7,1530,3,630,1530,1530,2,2004,2004,7,0.0,1,1300,2,2,2,0,259000
7,1959,2,434,847,847,2,2004,2005,8,0.0,1,0,2,2,2,0,215000
5,936,2,672,936,936,1,1980,1980,4,180.0,0,936,3,3,2,4,140000
4,1981,2,576,1122,1328,2,1928,1950,7,0.0,2,622,2,3,4,4,135000
5,974,0,0,974,974,1,1991,1992,5,0.0,0,212,3,3,2,4,93500
6,2210,1,205,1008,1178,2,1880,1950,8,0.0,0,0,1,3,4,4,117500
8,2020,2,466,1128,1142,2,1995,1995,8,0.0,1,584,2,2,2,0,239500
6,1600,2,460,916,916,2,1997,1997,7,0.0,1,0,3,3,2,2,169000
6,986,1,180,960,986,1,1926,1950,5,0.0,1,0,3,3,4,4,102000
6,1252,1,288,1032,1032,1,1950,1950,6,0.0,0,280,3,3,4,4,119000
5,1020,0,0,780,780,1,1875,1996,6,0.0,0,0,3,3,4,2,94000
6,1567,2,714,1567,1567,2,1977,1977,5,0.0,2,1567,2,3,4,4,196000
5,1167,2,495,915,1167,1,1920,1950,6,0.0,1,645,3,3,4,4,144000
5,952,2,840,952,952,1,1951,1951,4,0.0,0,852,3,3,4,4,139000
5,1868,2,484,780,1088,2,1976,1976,9,44.0,1,381,2,3,4,0,197500
8,2828,3,1052,1466,1466,3,2006,2007,11,340.0,1,1150,2,2,0,0,424870
5,1006,0,0,1006,1006,1,1959,1959,5,0.0,0,288,3,3,4,4,80000
4,924,1,280,672,672,1,1941,1950,5,0.0,0,348,1,3,2,1,80000
5,1576,1,225,1042,1042,1,1928,1950,8,0.0,1,0,3,3,4,0,149000
6,1298,2,403,1298,1298,2,1985,1985,5,85.0,1,1258,2,2,2,4,180000
7,1564,1,234,704,860,1,1941,1950,7,0.0,1,275,1,3,4,0,174500
7,1111,1,288,572,572,1,1926,1950,5,0.0,1,0,3,3,4,4,116900
7,1482,2,324,650,832,1,1920,1988,7,0.0,0,624,3,3,4,0,143000
6,932,1,306,932,932,1,1950,1950,4,0.0,1,0,2,3,4,0,124000
5,1466,2,528,1466,1466,1,1959,1959,6,132.0,2,176,1,3,4,4,149900
6,1811,2,470,1073,1811,1,1956,2004,6,0.0,1,296,0,3,4,0,230000
6,816,1,432,816,816,1,1930,2007,5,0.0,0,538,3,2,4,0,120500
7,1820,2,492,864,902,1,1965,1988,8,288.0,2,454,2,3,4,4,201800
5,1437,2,528,1437,1437,2,1976,2004,6,0.0,1,1157,2,2,2,4,218000
5,1265,2,502,1219,1265,2,1965,1999,6,0.0,1,633,2,3,4,2,179900
7,1314,2,626,1314,1314,2,2007,2008,6,166.0,1,904,2,2,2,0,230000
8,1580,3,830,1580,1580,2,2007,2008,7,186.0,0,0,2,2,2,0,235128
6,1876,2,540,901,943,2,1974,1974,8,270.0,1,442,2,2,4,4,185000
6,1456,2,440,855,855,2,1978,1978,7,0.0,1,311,3,3,2,1,146000
6,1640,2,924,1296,1640,1,1954,2006,7,72.0,1,728,2,2,4,0,224000
5,894,2,450,894,894,1,1968,1968,5,0.0,1,492,3,3,2,2,129000
4,1258,2,400,1198,1258,0,1969,1969,6,0.0,0,1198,3,3,2,4,108959
5,1432,2,588,1360,1432,1,1978,1978,5,0.0,1,680,2,3,2,0,194000
7,1502,2,644,1502,1502,2,2009,2009,7,268.0,0,0,2,2,2,0,233170
8,1694,3,776,1694,1694,2,2008,2008,7,72.0,0,0,2,2,2,0,245350
6,1671,2,472,959,959,2,2000,2000,7,0.0,1,786,3,3,2,0,173000
6,2108,2,540,1127,1236,2,1935,1986,7,0.0,2,626,2,3,4,0,235000
10,3627,3,807,1930,1831,3,1995,1996,10,1378.0,1,1387,2,2,0,0,625000
6,1118,1,358,1096,1118,1,1977,1977,6,0.0,1,522,3,3,4,4,171000
6,1261,2,433,1261,1261,1,1958,1958,6,0.0,1,662,3,3,4,0,163000
7,1250,2,625,625,625,2,2006,2007,5,0.0,0,0,2,2,2,0,171900
6,2345,2,360,952,1170,2,1932,1950,9,0.0,1,503,3,3,2,4,239000
8,2872,2,541,1683,2129,2,1992,2000,9,337.0,1,700,2,2,2,0,285000
5,923,1,264,876,923,1,1984,1985,5,0.0,0,658,3,3,4,4,119500
6,1224,1,210,818,818,1,1926,2004,5,0.0,0,468,3,3,4,4,115000
5,1343,1,186,731,820,1,1921,1950,7,0.0,1,0,3,3,4,0,154900
5,1124,0,0,0,1124,1,1954,1954,5,0.0,1,0,3,3,3,2,93000
7,2514,2,693,1216,1298,2,1990,1991,8,0.0,0,1216,3,3,2,0,250000
8,1652,2,482,1600,1652,2,2008,2008,5,186.0,1,1480,2,0,0,0,392500
5,1130,2,720,1120,1130,1,1920,1950,5,0.0,1,821,3,3,4,0,120000
5,1221,1,392,784,949,1,1924,1950,7,0.0,0,392,3,3,4,2,104900
3,1699,2,420,978,1014,2,1900,1970,7,0.0,0,440,3,3,1,4,95000
8,1624,3,757,1624,1624,2,1994,1995,5,0.0,1,1456,2,2,2,0,262000
7,1660,2,493,831,831,2,2002,2002,7,95.0,0,0,2,2,2,0,195000
7,1804,2,442,994,1028,2,1999,1999,7,0.0,1,0,2,3,4,2,189000
8,1441,2,492,776,764,2,1999,2000,5,456.0,0,0,2,2,2,0,174000
5,1472,1,250,702,842,1,1925,1994,6,0.0,0,0,2,3,4,2,125000
6,1224,2,402,1224,1224,2,1999,1999,5,425.0,0,883,3,3,0,0,165000
6,1352,1,299,663,663,1,1969,1969,7,143.0,0,371,3,3,4,4,158000
6,1456,2,400,728,728,2,2005,2005,8,0.0,0,0,2,3,2,0,176000
7,1863,3,660,879,879,2,2006,2006,9,0.0,1,0,2,2,2,0,219210
7,1690,1,225,815,815,1,1916,1950,7,0.0,1,0,3,3,4,0,144000
7,1212,2,573,1212,1212,2,2001,2001,6,0.0,0,0,2,2,2,0,178000
4,1382,2,459,1051,1382,1,1963,1979,6,51.0,1,547,3,3,4,2,148000
4,864,1,280,864,864,1,1970,1970,5,0.0,0,0,3,3,4,2,116050
7,1779,2,546,866,866,2,1998,1998,6,0.0,0,0,2,3,2,0,197900
5,1348,1,216,884,884,1,1925,1997,5,0.0,1,0,3,3,4,0,117000
7,1630,2,451,1630,1630,2,2000,2001,6,171.0,1,0,2,2,2,0,213000
5,1074,2,495,1056,1074,1,1975,1975,6,0.0,0,788,3,3,2,0,153500
7,2196,3,701,2158,2196,2,1990,1991,7,234.0,1,485,2,2,2,2,271900
4,1056,1,384,1056,1056,1,1966,1966,5,0.0,0,1056,3,3,4,4,107000
6,1700,2,544,1682,1700,2,2003,2003,7,120.0,0,340,2,2,2,0,200000
5,1283,2,506,931,1283,1,1962,1980,6,0.0,0,504,3,3,4,4,140000
8,1660,2,500,1660,1660,2,2006,2006,8,420.0,1,1220,2,2,0,0,290000
6,1845,2,462,1055,1055,2,1992,1992,8,0.0,1,0,2,2,2,0,189000
8,1752,2,492,559,1080,2,1988,2005,8,0.0,0,427,3,2,2,2,164000
4,672,1,234,672,672,1,1941,1950,4,0.0,0,344,3,3,4,4,113000
4,960,1,364,648,960,0,1965,2001,3,0.0,0,648,3,3,4,0,145000
5,999,1,300,925,999,1,1962,1962,6,0.0,0,784,3,3,4,4,134500
5,894,1,384,894,894,1,1966,1966,5,0.0,0,180,3,3,4,4,125000
6,1902,2,539,0,1318,2,1978,1978,8,0.0,0,0,3,3,3,4,112000
8,1314,2,552,1300,1314,2,2009,2009,6,72.0,0,936,2,2,2,0,229456
4,912,0,0,0,672,1,1947,1950,3,0.0,0,0,3,3,3,2,80500
6,1218,0,0,672,672,1,1971,1971,7,236.0,0,0,3,3,4,4,91500
5,912,1,288,912,912,1,1964,1964,5,0.0,0,312,3,3,4,4,115000
5,1211,1,322,952,1211,1,1968,1968,5,0.0,1,250,3,3,4,0,134000
6,1846,1,315,1040,1168,2,1949,1950,7,320.0,1,196,3,3,4,0,143000
5,2136,2,528,2136,2136,2,1951,1951,7,44.0,0,756,3,3,4,4,137900
7,1490,2,388,788,788,2,2004,2005,8,0.0,1,724,2,2,2,0,184000
6,1138,1,264,588,1138,1,1958,1958,6,63.0,0,507,3,3,4,0,145000
6,1933,3,668,894,894,2,2007,2007,9,74.0,1,0,2,2,2,0,214000
5,912,2,576,912,912,1,1965,2008,5,300.0,0,595,2,3,4,0,147000
9,1702,3,1052,1702,1702,1,2008,2008,7,766.0,1,1540,0,0,0,0,367294
5,1507,1,404,1075,1507,2,1960,1960,7,0.0,0,666,3,3,4,2,127000
5,1190,2,540,1106,1190,1,1962,1962,6,120.0,0,803,3,3,4,4,132500
4,1224,2,462,0,1224,2,1962,1962,6,0.0,0,0,3,3,3,4,101800
5,1188,2,531,1188,1188,1,1959,1959,6,180.0,0,1000,3,3,4,1,142000
5,1964,0,0,940,1024,1,1911,1950,7,0.0,0,0,3,3,4,4,130000
5,1784,1,180,747,892,1,1914,1950,9,0.0,0,0,3,3,2,2,138887
7,1626,2,474,764,764,2,2003,2003,6,106.0,0,0,2,2,2,0,175500
7,1948,2,434,847,847,2,2004,2005,8,0.0,1,0,2,2,2,0,195000
6,1141,2,484,1141,1141,1,2005,2005,6,0.0,0,0,3,2,2,0,142500
8,1484,2,472,1476,1484,2,2006,2006,6,32.0,1,428,0,2,2,0,265900
7,1768,2,543,884,884,2,2003,2003,8,252.0,0,550,2,2,2,0,224900
7,1689,3,954,1689,1689,2,2007,2007,7,0.0,0,0,2,2,2,0,248328
7,1173,2,528,1053,1173,2,1974,1974,6,81.0,2,885,2,3,2,4,170000
10,2076,3,850,2076,2076,2,2006,2006,7,0.0,1,1386,0,0,0,0,465000
8,1517,2,400,792,792,1,1929,1950,7,0.0,2,0,2,3,2,1,230000
6,1868,2,477,585,1140,3,1984,2003,7,74.0,1,0,3,3,2,0,178000
7,1553,2,615,756,756,2,2005,2006,6,0.0,0,0,2,2,2,0,186500
6,1034,3,888,1012,1034,1,1976,1976,6,335.0,0,539,3,3,4,4,169900
6,2058,2,396,735,1134,1,1917,1950,8,0.0,1,319,3,3,2,1,129500
5,988,1,276,876,988,1,1950,1950,6,0.0,0,534,3,3,4,4,119000
7,2110,2,522,2110,2110,2,1968,1968,8,0.0,2,1065,0,2,4,0,244000
7,1405,2,478,1405,1405,2,2003,2003,6,163.0,1,0,2,2,2,0,171750
5,874,1,288,864,874,1,1968,1968,5,0.0,0,510,3,3,4,4,130000
7,2167,2,518,1192,1516,2,1974,2003,9,0.0,2,125,2,2,4,4,294000
7,1656,2,397,746,760,2,2003,2004,7,92.0,1,0,2,2,2,0,165400
6,1367,1,560,884,959,1,1931,1950,6,0.0,1,425,3,3,4,4,127500
8,1987,2,691,1986,1987,2,1994,1994,7,554.0,1,1314,2,2,2,0,301500
5,864,0,0,864,864,1,1922,1950,4,0.0,0,0,3,3,1,0,99900
7,1166,2,400,856,1166,2,2005,2005,5,182.0,0,655,2,2,2,0,190000
6,1054,2,460,1054,1054,1,1969,1969,6,0.0,0,602,3,3,2,2,151000
6,1675,2,502,841,892,2,1999,1999,7,0.0,1,0,3,3,2,0,181000
5,1050,1,338,1050,1050,1,1956,1956,5,0.0,0,504,3,3,4,2,128900
4,1788,1,304,1104,1104,1,1957,1989,8,0.0,2,0,3,3,4,0,161500
6,1824,2,520,764,1060,1,1919,1950,8,0.0,1,0,3,3,4,0,180500
6,1337,2,511,1405,1337,2,1998,1999,5,0.0,0,266,2,2,2,0,181000
7,1452,2,506,691,713,2,1999,1999,6,218.0,0,450,2,2,2,0,183900
7,1889,1,308,925,964,1,1910,1950,9,0.0,1,0,3,1,4,4,122000
9,2018,3,746,2002,2018,2,2008,2009,10,0.0,1,0,0,0,0,0,378500
5,1524,1,315,874,874,1,1958,1958,7,180.0,0,460,3,3,4,4,144000
7,1524,2,586,1332,1332,0,1979,1979,4,0.0,1,1258,2,2,2,4,260000
6,1489,2,462,1489,1489,2,1968,1968,7,0.0,1,0,2,3,4,2,185750
5,935,1,288,935,935,1,1965,1965,5,114.0,0,560,3,3,4,4,137000
6,1357,1,312,1019,1357,1,1959,2006,5,84.0,1,719,0,3,4,2,177000
5,1250,2,552,661,661,2,1910,2003,8,0.0,1,0,3,3,4,0,139000
5,1920,2,400,928,928,2,1948,1950,10,567.0,0,220,3,3,4,2,137000
6,1395,2,497,723,735,1,1972,1972,6,0.0,1,593,3,3,4,4,162000
6,1724,2,480,1680,1724,1,1967,1976,7,359.0,1,528,3,3,2,1,197900
8,2031,2,577,1128,1128,2,2002,2002,7,0.0,1,804,2,2,2,0,237000
4,1128,2,528,698,698,1,1920,1950,6,0.0,0,0,3,3,4,4,68400
7,1573,2,544,1573,1573,2,2002,2002,6,110.0,0,788,2,2,2,0,227000
7,1339,2,484,1309,1339,2,1990,1990,6,54.0,1,1053,3,3,2,4,180000
5,1040,2,484,1040,1040,2,1977,2008,5,0.0,0,532,2,3,2,4,150500
6,1824,0,0,912,912,2,1971,1971,8,0.0,0,0,3,3,4,4,139000
6,2447,1,336,804,1699,2,1919,1990,10,0.0,1,0,2,3,4,0,169000
6,1412,1,280,780,825,1,1939,1950,6,0.0,1,0,3,3,4,0,132500
6,1328,2,528,1328,1328,1,1963,1963,6,451.0,2,569,3,3,4,4,143000
5,1582,2,390,1624,1582,2,1964,1964,7,621.0,0,812,3,3,4,1,190000
8,1659,2,499,1501,1659,2,2000,2000,5,0.0,1,1158,0,2,2,0,278000
8,1970,3,753,1085,1120,2,2006,2006,8,788.0,1,0,0,2,2,0,281000
5,1152,2,484,1152,1152,1,1964,1964,6,86.0,1,1014,3,3,4,4,180500
5,1302,1,264,630,630,2,1972,1972,6,268.0,0,231,3,3,4,4,119500
5,2372,1,432,994,1378,2,1892,1965,11,0.0,0,0,3,3,4,4,107500
7,1664,2,528,832,832,2,1976,1976,8,0.0,1,194,3,3,2,4,162900
5,864,2,572,864,864,1,1955,1990,5,0.0,0,167,3,3,4,4,115000
5,1052,1,288,1052,1052,1,1968,1968,5,168.0,0,1016,3,3,4,2,138500
5,1128,2,525,1120,1128,2,1963,1963,6,148.0,0,776,3,3,4,2,155000
6,1072,2,525,547,1072,2,2005,2006,5,82.0,0,547,3,3,2,2,140000
5,1246,1,305,1246,1246,1,1959,1994,6,0.0,0,340,2,3,4,0,154000
7,1983,2,490,978,1005,2,1999,1999,9,344.0,1,694,2,2,2,0,225000
6,1494,1,213,771,753,1,1942,1950,7,0.0,2,547,2,3,4,1,177500
8,2526,3,844,1165,1203,2,1994,1994,8,391.0,1,740,2,2,2,0,290000
7,1616,3,834,1616,1616,2,2005,2005,7,228.0,0,0,2,2,2,0,232000
7,1708,2,380,976,976,2,2004,2004,7,117.0,0,0,2,2,2,0,130000
9,1652,2,840,1652,1652,2,2006,2007,6,300.0,2,1572,0,2,0,0,325000
7,1368,2,474,1368,1368,2,2005,2006,6,94.0,1,0,2,2,2,0,202500
5,990,2,480,990,990,1,1994,1995,5,0.0,0,746,3,3,2,0,138000
5,1122,2,528,924,1122,1,1948,2005,6,0.0,0,144,2,3,4,0,147000
6,1294,2,496,1278,1294,2,1991,1991,6,88.0,0,1200,2,3,2,2,179200
7,1902,2,567,1902,1902,2,1959,2002,7,0.0,2,1406,0,2,2,4,335000
7,1274,2,508,1274,1274,2,2005,2007,6,80.0,0,925,2,2,2,0,203000
8,2810,2,750,1453,1453,2,1990,1990,9,336.0,1,482,2,2,0,0,302000
9,2599,3,779,1393,1422,2,1999,1999,10,165.0,1,0,2,2,2,0,333168
4,948,1,280,948,948,1,1954,1954,5,0.0,1,732,3,3,4,0,119000
6,2112,2,576,952,1092,2,1969,1969,9,0.0,2,500,3,3,1,4,206900
8,1630,3,860,1622,1630,2,2008,2008,8,270.0,1,0,0,2,0,0,295493
7,1352,2,466,1352,1352,2,2006,2007,5,0.0,1,0,2,2,0,0,208900
8,1787,3,748,1753,1787,2,2001,2002,7,178.0,1,0,2,2,2,0,275000
4,948,1,248,864,948,1,1954,1954,5,132.0,0,492,3,3,4,0,111000
6,1478,2,442,1478,1478,1,1957,1957,6,0.0,2,189,3,3,4,2,156500
3,720,1,287,0,720,1,1949,1950,4,0.0,0,0,3,3,3,4,72500
7,1923,2,564,750,1061,2,1992,1992,8,0.0,1,674,2,2,2,0,190000
4,708,0,0,420,708,1,1940,1950,5,0.0,0,280,1,1,4,2,82500
8,1795,3,895,1795,1795,2,2006,2007,7,428.0,1,0,2,2,0,0,147000
4,796,0,0,796,796,1,1922,1950,5,0.0,0,0,3,3,4,1,55000
3,774,0,0,544,774,1,1931,2006,6,0.0,0,544,2,3,4,0,79000
5,816,1,264,816,816,1,1982,2008,5,0.0,1,641,2,2,4,0,130500
7,1632,2,462,935,955,2,1998,1998,8,0.0,1,0,3,3,2,2,176500
8,1588,3,825,1588,1588,2,2006,2006,7,410.0,1,0,2,2,2,0,227000
5,954,2,576,911,954,1,1976,1976,6,0.0,0,483,3,3,4,2,132500
4,816,1,288,816,816,1,1938,1958,3,0.0,1,690,3,3,4,0,100000
5,1360,1,297,803,803,1,1938,1995,6,0.0,0,0,2,3,4,0,125500
5,1365,2,440,765,765,1,1970,1970,7,312.0,0,765,3,3,4,4,125000
6,1334,2,630,1350,1334,2,1977,1977,6,360.0,1,686,3,3,2,4,167900
5,1656,2,506,1656,1656,2,1973,1973,8,564.0,0,0,3,3,4,4,135000
4,693,0,0,693,693,1,1941,1950,4,0.0,0,0,1,3,4,1,52500
7,1861,2,492,916,920,2,2002,2002,8,0.0,0,700,2,2,2,0,200000
5,864,1,288,864,864,1,1972,1972,5,0.0,0,360,3,3,4,0,128500
4,872,4,480,858,872,1,1971,1971,5,0.0,0,0,3,3,4,4,123000
6,1114,2,576,1114,1114,1,2003,2004,6,0.0,0,814,2,3,2,0,155000
8,2169,2,647,1284,1284,2,2002,2002,7,149.0,1,0,2,2,2,0,228500
6,1913,2,342,896,1172,1,1928,1950,9,0.0,1,0,3,3,4,2,177000
7,1456,2,440,728,728,2,2006,2006,8,0.0,1,0,2,2,2,0,155835
4,960,1,308,960,960,1,1920,1950,5,0.0,0,250,1,3,4,2,108500
8,1776,3,712,1732,1776,2,2006,2007,7,100.0,1,80,2,2,0,0,283463
7,1494,2,514,1482,1494,2,1998,1998,5,0.0,1,1443,2,2,2,0,215000
8,2358,0,0,684,938,2,1872,1987,8,0.0,0,259,3,3,4,1,122000
6,1716,2,490,858,858,1,1962,1962,8,318.0,1,319,3,3,4,0,171000
6,1176,2,624,698,786,1,1937,2000,4,0.0,0,0,3,2,4,4,134900
8,3238,3,666,2033,2053,2,1995,1996,9,579.0,1,816,2,2,2,0,410000
7,1865,3,839,992,992,2,2000,2000,7,0.0,1,735,2,2,2,0,235000
7,1920,2,487,570,1222,3,1968,1992,8,143.0,1,0,2,3,4,2,170000
5,892,1,264,864,892,1,1966,1966,5,65.0,0,340,3,3,4,4,110000
5,1078,2,500,1078,1078,1,1971,2008,6,0.0,1,734,3,3,4,0,149900
6,1573,2,440,756,769,2,2000,2000,5,216.0,0,378,2,2,2,0,177500
9,1980,3,770,1980,1980,2,2004,2005,8,66.0,1,1447,0,2,0,0,315000
5,2601,2,621,612,990,3,1921,1998,8,0.0,0,0,3,3,4,0,189000
7,1530,2,430,1530,1530,2,2005,2005,7,16.0,1,1274,2,2,0,0,260000
4,1738,1,368,715,1281,2,1920,2007,7,0.0,1,0,3,3,4,2,104900
6,1412,2,432,616,616,2,2006,2007,6,0.0,1,0,2,3,2,0,156932
7,1200,2,480,600,520,2,2005,2005,4,0.0,0,0,2,2,2,0,144152
7,1674,2,663,814,814,2,2000,2000,7,0.0,0,533,2,2,2,0,216000
7,1790,2,588,873,882,2,1999,1999,7,158.0,0,633,2,2,2,0,193000
5,1475,1,336,757,925,2,1977,1977,6,0.0,1,548,3,3,4,0,127000
6,848,2,420,848,848,1,2003,2004,4,170.0,0,685,2,2,2,0,144000
8,1668,2,502,1657,1668,2,2003,2003,8,171.0,1,370,2,2,2,0,232000
4,1374,1,338,840,840,1,1920,1950,6,0.0,0,315,3,1,4,0,105000
6,1661,1,377,992,1661,1,1955,1996,8,0.0,1,831,2,3,4,2,165500
7,2097,2,583,1108,1108,2,1998,1998,8,0.0,1,975,2,3,2,0,274300
10,2633,3,804,2633,2633,2,2001,2002,8,705.0,2,1282,0,0,0,0,466500
7,1958,3,936,1026,1026,2,2005,2005,9,0.0,1,0,2,2,2,0,250000
8,1571,3,722,1571,1571,2,2007,2007,7,80.0,1,0,2,2,2,0,239000
6,790,1,160,768,790,1,1930,1950,4,0.0,0,384,3,3,2,4,91000
5,1604,2,660,984,984,2,1941,1960,6,0.0,0,408,3,3,4,0,117000
6,987,1,264,483,483,1,1973,1973,5,408.0,0,309,3,3,4,4,83000
3,864,1,200,864,864,1,1914,1950,5,0.0,0,203,3,3,4,4,58500
6,2117,2,550,1205,2117,2,1970,1970,7,0.0,2,865,3,3,4,0,237500
7,1762,2,576,596,998,1,1920,1950,8,0.0,0,0,2,3,1,0,157000
5,1416,2,576,816,1416,2,1918,2007,7,0.0,0,0,2,3,4,0,112000
6,1258,1,280,560,698,1,1939,1950,6,0.0,0,204,3,3,4,4,105000
4,1154,1,240,796,796,1,1922,2007,7,0.0,0,735,2,3,4,2,125500
6,2526,1,216,714,1664,2,1916,1950,10,0.0,1,168,2,3,4,4,136000
9,1746,3,758,1746,1746,2,2006,2007,7,160.0,2,1320,0,0,0,0,377500
6,1218,2,440,735,869,1,1941,1950,6,0.0,1,375,3,3,4,0,131000
7,1525,2,541,1525,1525,2,2000,2000,6,244.0,0,1400,2,2,2,0,235000
5,1584,3,792,1584,1584,2,1967,1967,8,0.0,0,0,3,3,4,4,124000
5,900,1,288,864,900,1,1967,1967,6,0.0,1,769,3,3,4,4,123000
6,1912,2,672,482,1221,2,1905,2000,7,0.0,1,0,3,3,1,0,163000
7,1500,3,648,1356,1500,2,2006,2006,6,45.0,1,1070,2,2,2,0,246578
8,2482,3,642,1094,1133,2,2005,2006,9,245.0,1,0,2,2,2,0,281213
5,1687,2,572,747,1687,1,1948,1950,7,0.0,2,353,3,3,4,4,160000
5,1513,1,180,939,939,1,1920,2004,8,0.0,0,0,3,3,4,0,137500
5,1904,1,240,1208,1136,1,1950,1982,7,0.0,0,180,3,3,4,2,138000
6,1608,1,216,976,1160,2,1925,1990,7,0.0,1,264,2,3,4,0,137450
6,1158,1,208,862,950,1,1929,1950,5,0.0,1,0,3,3,4,4,120000
6,1593,2,398,839,864,2,2004,2004,8,0.0,1,759,3,3,4,0,193000
7,1294,2,662,1286,1294,2,2006,2006,6,0.0,1,0,2,2,2,0,193879
8,1464,3,754,1485,1464,2,2007,2007,6,84.0,0,929,2,2,2,0,282922
3,1214,3,936,672,694,1,1915,1950,6,0.0,0,0,3,3,4,4,105000
8,1646,2,482,1594,1646,2,2004,2005,5,174.0,1,1373,2,2,0,0,275000
5,768,2,396,768,768,1,1972,2007,5,0.0,0,656,3,3,2,4,133000
5,833,0,0,833,833,1,1985,1985,5,0.0,0,625,3,3,4,0,112000
4,1363,2,528,622,741,1,1910,1950,6,0.0,0,0,3,3,1,2,125500
7,2093,2,542,791,1236,2,1986,1991,7,123.0,1,0,3,3,2,2,215000
7,1840,2,622,944,944,2,2001,2001,6,0.0,0,666,2,2,2,0,230000
6,1668,1,271,856,1112,1,1950,2005,6,0.0,0,120,3,3,4,0,140000
4,1040,2,420,0,1040,2,1949,1950,6,0.0,0,0,3,3,3,1,90000
8,1844,2,620,1844,1844,2,2005,2006,7,366.0,1,976,2,2,2,0,257000
6,1848,2,370,833,1053,1,1923,2000,8,0.0,1,0,2,3,4,2,207000
7,1569,3,660,1386,1569,2,2007,2007,7,130.0,1,988,2,2,2,0,175900
8,2450,3,1069,1284,1310,2,1998,1998,7,731.0,1,781,2,2,2,0,340000
5,1144,1,336,1144,1144,1,1963,1963,6,0.0,0,25,3,3,4,4,124000
6,1844,2,540,1844,1844,2,1969,1969,7,312.0,1,1110,2,2,4,2,223000
6,1416,2,776,708,708,2,1968,1968,7,420.0,1,404,3,3,4,2,179900
6,1069,2,440,1069,1069,2,1977,1977,4,0.0,1,360,3,3,2,4,127500
6,848,2,420,848,848,1,2003,2003,3,170.0,0,686,2,2,2,0,136500
5,1344,1,484,1024,1344,1,1958,1983,6,0.0,1,457,3,3,4,4,144000
6,1252,2,528,1252,1252,1,1959,1959,7,243.0,0,0,2,2,4,0,142000
7,2127,2,525,1223,1223,2,1994,1994,5,448.0,2,1000,2,2,2,0,271000
5,1558,1,288,913,1048,1,1945,1950,6,0.0,1,580,3,3,4,4,140000
5,804,1,240,788,804,1,1940,1992,4,294.0,2,510,2,3,4,4,119000
6,1440,2,467,1440,1440,2,1981,1981,7,310.0,1,678,2,2,2,0,182900
5,1838,2,372,732,734,2,2005,2005,7,0.0,1,0,3,2,2,0,192140
6,958,2,440,958,958,2,1976,1976,5,0.0,0,958,3,3,2,4,143750
4,968,1,216,656,968,2,1927,2007,5,0.0,0,0,3,3,4,4,64500
6,1792,2,451,936,962,2,2000,2000,8,318.0,1,0,3,3,2,0,186500
5,1126,2,484,1126,1126,2,1977,1977,5,0.0,1,936,3,3,4,1,160000
6,1537,2,462,1319,1537,1,1962,2005,7,237.0,1,0,2,2,4,4,174000
4,864,2,528,864,864,1,1971,1971,5,0.0,0,616,3,3,4,4,120500
8,1932,3,774,1932,1932,2,2008,2008,7,426.0,1,1336,0,0,0,0,394617
6,1236,2,923,912,1236,1,1957,1996,6,0.0,0,600,3,3,4,4,149700
7,1725,2,550,539,1040,2,1979,1979,6,96.0,1,315,3,3,4,4,197000
6,2555,2,672,588,1423,2,1922,1994,11,0.0,1,0,3,3,0,1,191000
6,848,2,420,848,848,1,2004,2004,3,147.0,1,697,2,2,2,0,149300
10,2007,3,812,1017,1026,2,2008,2008,10,160.0,1,765,0,0,0,0,310000
6,952,1,192,952,952,1,1916,1950,4,0.0,1,0,1,3,4,1,121000
7,1422,2,626,1422,1422,2,2004,2004,7,106.0,0,0,2,2,2,0,179600
6,913,1,240,814,913,1,1966,1966,6,0.0,0,187,3,3,4,2,129000
5,1188,1,312,1188,1188,1,1962,1962,6,189.0,0,593,3,3,4,4,157900
8,2090,2,556,1220,1220,2,1995,1996,8,438.0,1,1079,2,2,2,0,240000
4,1346,1,384,560,796,1,1910,2000,6,0.0,0,0,3,3,1,2,112000
5,630,0,0,630,630,1,1970,1970,3,0.0,0,553,0,3,2,0,92000
5,1792,0,0,896,896,2,1974,1974,8,0.0,0,0,3,3,2,4,136000
8,1578,3,840,1573,1578,2,2008,2009,7,194.0,1,0,0,2,2,0,287090
5,1072,2,525,547,1072,1,2005,2005,5,80.0,0,547,3,3,2,2,145000
5,1140,0,0,1140,1140,1,2006,2006,6,0.0,0,0,3,3,2,0,84500
7,1221,2,400,1221,1221,2,2004,2005,6,0.0,0,410,2,2,2,0,185000
6,1647,2,460,953,953,2,1999,2000,7,0.0,1,0,3,3,2,0,175000
6,2073,2,500,1542,2073,2,1978,1988,7,119.0,2,790,3,3,2,4,210000
7,2340,1,252,1152,1188,2,1941,2006,9,0.0,2,275,2,0,4,0,266500
5,1078,1,240,1078,1078,1,1950,1996,5,0.0,0,49,2,3,4,2,142125
5,1256,1,276,1256,1256,1,1965,1965,6,0.0,0,830,3,2,4,2,147500
